CONTENTION TEXT,LEGACY CONTENTION ID,CLASSIFICATION CODE,CLASSIFICATION TEXT
"ACL tear (anterior cruciate ligament tear), bilateral", ,8997,Musculoskeletal - Knee
"ACL tear (anterior cruciate ligament tear), left", ,8997,Musculoskeletal - Knee
"ACL tear (anterior cruciate ligament tear), right", ,8997,Musculoskeletal - Knee
acne, ,9016,Skin
adjustment disorder, ,8989,Mental Disorders
agoraphobia, ,8989,Mental Disorders
alopecia, ,9016,Skin
ALS (amyotrophic lateral sclerosis), ,9007,Neurological other System
anal cancer, ,8932,Cancer - Digestive
anal or perianal fistula (fistula-in-ano), ,8968,Digestive
anemia, ,8981,Hemic and Lymphatic
"ankle replacement (ankle arthroplasty), bilateral", ,8991,Musculoskeletal - Ankle
"ankle replacement (ankle arthroplasty), left", ,8991,Musculoskeletal - Ankle
"ankle replacement (ankle arthroplasty), right", ,8991,Musculoskeletal - Ankle
"ankle sprain, bilateral", ,8991,Musculoskeletal - Ankle
"ankle sprain, left", ,8991,Musculoskeletal - Ankle
"ankle sprain, right", ,8991,Musculoskeletal - Ankle
"ankylosis in ankle, bilateral", ,8991,Musculoskeletal - Ankle
"ankylosis in ankle, left", ,8991,Musculoskeletal - Ankle
"ankylosis in ankle, right", ,8991,Musculoskeletal - Ankle
"ankylosis in elbow, bilateral", ,8993,Musculoskeletal - Elbow
"ankylosis in elbow, left", ,8993,Musculoskeletal - Elbow
"ankylosis in elbow, right", ,8993,Musculoskeletal - Elbow
"ankylosis in hand or fingers, bilateral", ,8995,Musculoskeletal - Hand
"ankylosis in hand or fingers, left", ,8995,Musculoskeletal - Hand
"ankylosis in hand or fingers, right", ,8995,Musculoskeletal - Hand
"ankylosis in hip, bilateral", ,8996,Musculoskeletal - Hip
"ankylosis in hip, left", ,8996,Musculoskeletal - Hip
"ankylosis in hip, right", ,8996,Musculoskeletal - Hip
"ankylosis in knee, bilateral", ,8997,Musculoskeletal - Knee
"ankylosis in knee, left", ,8997,Musculoskeletal - Knee
"ankylosis in knee, right", ,8997,Musculoskeletal - Knee
"ankylosis in shoulder, bilateral", ,9002,Musculoskeletal - Shoulder
"ankylosis in shoulder, left", ,9002,Musculoskeletal - Shoulder
"ankylosis in shoulder, right", ,9002,Musculoskeletal - Shoulder
"ankylosis in wrist, bilateral", ,9004,Musculoskeletal - Wrist
"ankylosis in wrist, left", ,9004,Musculoskeletal - Wrist
"ankylosis in wrist, right", ,9004,Musculoskeletal - Wrist
anorexia (type of eating disorder), ,8970,Eating Disorders
aortic insufficiency (aortic regurgitation), ,8979,Heart/Veins/Arteries
aortic valve disease, ,8979,Heart/Veins/Arteries
arrhythmia (irregular heartbeat), ,8979,Heart/Veins/Arteries
asthma, ,9012,Respiratory
"astragalectomy or talectomy (removal of talus bone in ankle), bilateral", ,8991,Musculoskeletal - Ankle
"astragalectomy or talectomy (removal of talus bone in ankle), left", ,8991,Musculoskeletal - Ankle
"astragalectomy or talectomy (removal of talus bone in ankle), right", ,8991,Musculoskeletal - Ankle
athlete's foot (tinea pedis), ,9016,Skin
atrial fibrillation (A-fib), ,8979,Heart/Veins/Arteries
"basal cell carcinoma of the skin, extremities or trunk", ,1250,Cancer - Skin
"basal cell carcinoma of the skin, head or neck", ,1250,Cancer - Skin
bipolar disorder, ,8989,Mental Disorders
biventricular hypertrophy, ,8979,Heart/Veins/Arteries
bladder cancer, ,8935,Cancer - Genitourinary
bladder stones, ,8975,Genitourinary
"bone cancer, including osteosarcoma, extremities or trunk", ,8940,Cancer - Musculoskeletal - Other
"bone cancer, including osteosarcoma, head or neck", ,8940,Cancer - Musculoskeletal - Other
"Boutonniere deformity in fingers, bilateral", ,8995,Musculoskeletal - Hand
"Boutonniere deformity in fingers, left", ,8995,Musculoskeletal - Hand
"Boutonniere deformity in fingers, right", ,8995,Musculoskeletal - Hand
"brain cancer, including glioblastoma", ,8942,Cancer - Neurological other System
"breast cancer, bilateral", ,8937,Cancer - Gynecological
"breast cancer, left", ,8937,Cancer - Gynecological
"breast cancer, right", ,8937,Cancer - Gynecological
bronchiectasis , ,9012,Respiratory
bulimia (type of eating disorder), ,8970,Eating Disorders
"bunions (hallux valgus), bilateral", ,8994,Musculoskeletal - Foot
"bunions (hallux valgus), left", ,8994,Musculoskeletal - Foot
"bunions (hallux valgus), right", ,8994,Musculoskeletal - Foot
"bursitis in ankle, bilateral", ,8991,Musculoskeletal - Ankle
"bursitis in ankle, left", ,8991,Musculoskeletal - Ankle
"bursitis in ankle, right", ,8991,Musculoskeletal - Ankle
"bursitis in elbow, bilateral", ,8993,Musculoskeletal - Elbow
"bursitis in elbow, left", ,8993,Musculoskeletal - Elbow
"bursitis in elbow, right", ,8993,Musculoskeletal - Elbow
"bursitis in foot, bilateral", ,8994,Musculoskeletal - Foot
"bursitis in foot, left", ,8994,Musculoskeletal - Foot
"bursitis in foot, right", ,8994,Musculoskeletal - Foot
"bursitis in hand or fingers, bilateral", ,8995,Musculoskeletal - Hand
"bursitis in hand or fingers, left", ,8995,Musculoskeletal - Hand
"bursitis in hand or fingers, right", ,8995,Musculoskeletal - Hand
"bursitis in hip, bilateral", ,8996,Musculoskeletal - Hip
"bursitis in hip, left", ,8996,Musculoskeletal - Hip
"bursitis in hip, right", ,8996,Musculoskeletal - Hip
"bursitis in knee, bilateral", ,8997,Musculoskeletal - Knee
"bursitis in knee, left", ,8997,Musculoskeletal - Knee
"bursitis in knee, right", ,8997,Musculoskeletal - Knee
"bursitis in shoulder, bilateral", ,9002,Musculoskeletal - Shoulder
"bursitis in shoulder, left", ,9002,Musculoskeletal - Shoulder
"bursitis in shoulder, right", ,9002,Musculoskeletal - Shoulder
"bursitis in wrist, bilateral", ,9004,Musculoskeletal - Wrist
"bursitis in wrist, left", ,9004,Musculoskeletal - Wrist
"bursitis in wrist, right", ,9004,Musculoskeletal - Wrist
"carpal tunnel syndrome, bilateral", ,9006,Neurological - Cranial/Peripheral Nerves
"carpal tunnel syndrome, left", ,9006,Neurological - Cranial/Peripheral Nerves
"carpal tunnel syndrome, right", ,9006,Neurological - Cranial/Peripheral Nerves
cervical cancer, ,8937,Cancer - Gynecological
cervical spinal stenosis (narrowing of spinal canal in neck), ,8999,Musculoskeletal - Neck/Upper Back (Cervical Spine)
chloracne, ,9016,Skin
chronic bronchitis, ,9012,Respiratory
chronic conjunctivitis (pink eye), ,8974,Eye (Vision)
chronic fatigue syndrome, ,8986,"Infectious Diseases, Immune Disorders & Nutritional Deficiencies"
chronic kidney disease (CKD), ,8975,Genitourinary
chronic laryngitis, ,9012,Respiratory
chronic nephritis (inflammation of kidneys), ,8975,Genitourinary
chronic obstructive pulmonary disease (COPD), ,9012,Respiratory
"chronic otitis externa (swimmer's ear), bilateral", ,8969,Ear Disease and Other Sense Organs
"chronic otitis externa (swimmer's ear), left", ,8969,Ear Disease and Other Sense Organs
"chronic otitis externa (swimmer's ear), right", ,8969,Ear Disease and Other Sense Organs
"chronic otitis media (chronic middle ear infection), bilateral", ,8969,Ear Disease and Other Sense Organs
"chronic otitis media (chronic middle ear infection), left", ,8969,Ear Disease and Other Sense Organs
"chronic otitis media (chronic middle ear infection), right", ,8969,Ear Disease and Other Sense Organs
"chronic rhinitis, allergic or non-allergic", ,9012,Respiratory
chronic sinusitis, ,9012,Respiratory
"chronic suppurative otitis media (CSOM) or mastoiditis, bilateral", ,8969,Ear Disease and Other Sense Organs
"chronic suppurative otitis media (CSOM) or mastoiditis, left", ,8969,Ear Disease and Other Sense Organs
"chronic suppurative otitis media (CSOM) or mastoiditis, right", ,8969,Ear Disease and Other Sense Organs
chronic urticaria (chronic hives), ,9016,Skin
cirrhosis (scarring of liver), ,8968,Digestive
"claw foot (pes cavus), bilateral", ,8994,Musculoskeletal - Foot
"claw foot (pes cavus), left", ,8994,Musculoskeletal - Foot
"claw foot (pes cavus), right", ,8994,Musculoskeletal - Foot
colorectal cancer or colon cancer, ,8932,Cancer - Digestive
complete loss of sense of smell (anosmia), ,8969,Ear Disease and Other Sense Organs
complete loss of sense of taste (ageusia), ,8969,Ear Disease and Other Sense Organs
congestive heart failure (CHF), ,8979,Heart/Veins/Arteries
constrictive bronchiolitis (obliterative bronchiolitis), ,9012,Respiratory
coronary artery disease (CAD or arteriosclerotic heart disease), ,8979,Heart/Veins/Arteries
costochondritis, ,249482,Musculoskeletal - Bones
Cranial nerve paralysis or cranial neuritis (inflammation of cranial nerves), ,9006,Neurological - Cranial/Peripheral Nerves
cranial neuralgia (cranial nerve pain), ,9006,Neurological - Cranial/Peripheral Nerves
Crohn's disease, ,8968,Digestive
cyclothymic disorder (mild bipolar disorder), ,8989,Mental Disorders
"De Quervain's tenosynovitis (De Quervain's syndrome), bilateral", ,9004,Musculoskeletal - Wrist
"De Quervain's tenosynovitis (De Quervain's syndrome), left", ,9004,Musculoskeletal - Wrist
"De Quervain's tenosynovitis (De Quervain's syndrome), right", ,9004,Musculoskeletal - Wrist
decompression illness, ,8930,Caisson
"deep vein thrombosis (DVT) in leg, bilateral", ,8987,Leg Condition - Heart/Veins/Arteries
"deep vein thrombosis (DVT) in leg, left", ,8987,Leg Condition - Heart/Veins/Arteries
"deep vein thrombosis (DVT) in leg, right", ,8987,Leg Condition - Heart/Veins/Arteries
"degenerative arthritis (osteoarthritis) in ankle, bilateral", ,8991,Musculoskeletal - Ankle
"degenerative arthritis (osteoarthritis) in ankle, left", ,8991,Musculoskeletal - Ankle
"degenerative arthritis (osteoarthritis) in ankle, right", ,8991,Musculoskeletal - Ankle
"degenerative arthritis (osteoarthritis) in elbow, bilateral", ,8993,Musculoskeletal - Elbow
"degenerative arthritis (osteoarthritis) in elbow, left", ,8993,Musculoskeletal - Elbow
"degenerative arthritis (osteoarthritis) in elbow, right", ,8993,Musculoskeletal - Elbow
"degenerative arthritis (osteoarthritis) in foot, bilateral", ,8994,Musculoskeletal - Foot
"degenerative arthritis (osteoarthritis) in foot, left", ,8994,Musculoskeletal - Foot
"degenerative arthritis (osteoarthritis) in foot, right", ,8994,Musculoskeletal - Foot
"degenerative arthritis (osteoarthritis) in hand or fingers, bilateral", ,8995,Musculoskeletal - Hand
"degenerative arthritis (osteoarthritis) in hand or fingers, left", ,8995,Musculoskeletal - Hand
"degenerative arthritis (osteoarthritis) in hand or fingers, right", ,8995,Musculoskeletal - Hand
"degenerative arthritis (osteoarthritis) in hip, bilateral", ,8996,Musculoskeletal - Hip
"degenerative arthritis (osteoarthritis) in hip, left", ,8996,Musculoskeletal - Hip
"degenerative arthritis (osteoarthritis) in hip, right", ,8996,Musculoskeletal - Hip
"degenerative arthritis (osteoarthritis) in knee, bilateral", ,8997,Musculoskeletal - Knee
"degenerative arthritis (osteoarthritis) in knee, left", ,8997,Musculoskeletal - Knee
"degenerative arthritis (osteoarthritis) in knee, right", ,8997,Musculoskeletal - Knee
"degenerative arthritis (osteoarthritis) in shoulder, bilateral", ,9002,Musculoskeletal - Shoulder
"degenerative arthritis (osteoarthritis) in shoulder, left", ,9002,Musculoskeletal - Shoulder
"degenerative arthritis (osteoarthritis) in shoulder, right", ,9002,Musculoskeletal - Shoulder
"degenerative arthritis (osteoarthritis) in wrist, bilateral", ,9004,Musculoskeletal - Wrist
"degenerative arthritis (osteoarthritis) in wrist, left", ,9004,Musculoskeletal - Wrist
"degenerative arthritis (osteoarthritis) in wrist, right", ,9004,Musculoskeletal - Wrist
depression (major depressive disorder), ,8989,Mental Disorders
deviated septum, ,9012,Respiratory
diabetes insipidus, ,8973,Endocrine
"diabetes, type 1 or type 2", ,8973,Endocrine
diabetic nephropathy (diabetic kidney disease), ,8975,Genitourinary
"diabetic peripheral neuropathy, bilateral lower extremities", ,9006,Neurological - Cranial/Peripheral Nerves
"diabetic peripheral neuropathy, bilateral upper extremities", ,9006,Neurological - Cranial/Peripheral Nerves
"diabetic peripheral neuropathy, left lower extremities", ,9006,Neurological - Cranial/Peripheral Nerves
"diabetic peripheral neuropathy, left upper extremities", ,9006,Neurological - Cranial/Peripheral Nerves
"diabetic peripheral neuropathy, right lower extremities", ,9006,Neurological - Cranial/Peripheral Nerves
"diabetic peripheral neuropathy, right upper extremities", ,9006,Neurological - Cranial/Peripheral Nerves
diabetic retinopathy, ,8974,Eye (Vision)
dry eye syndrome, ,8974,Eye (Vision)
"Dupuytren's contracture (abnormal thickening of tissues in palm of hand), bilateral", ,8995,Musculoskeletal - Hand
"Dupuytren's contracture (abnormal thickening of tissues in palm of hand), left", ,8995,Musculoskeletal - Hand
"Dupuytren's contracture (abnormal thickening of tissues in palm of hand), right", ,8995,Musculoskeletal - Hand
"dysphagia (difficulty swallowing), associated with neurological disorder", ,9007,Neurological other System
"dysphagia (difficulty swallowing), not associated with neurological disorder", ,8968,Digestive
ear cancer, ,249468,Cancer - Ear Disease and Other Sense Organs
eczema (atopic dermatitis), ,9016,Skin
"elbow replacement (elbow arthroplasty), bilateral", ,8993,Musculoskeletal - Elbow
"elbow replacement (elbow arthroplasty), left", ,8993,Musculoskeletal - Elbow
"elbow replacement (elbow arthroplasty), right", ,8993,Musculoskeletal - Elbow
emphysema, ,9012,Respiratory
endometriosis, ,8978,Gynecological
enlarged prostate (benign prostatic hyperplasia or BPH), ,8975,Genitourinary
epididymitis, ,8975,Genitourinary
epiphora (watery eyes), ,8974,Eye (Vision)
erectile dysfunction (ED), ,8975,Genitourinary
esophageal cancer, ,8932,Cancer - Digestive
esophageal stricture (narrowing of esophagus), ,8968,Digestive
"eye cancer, including melanoma of the eye", ,8934,Cancer - Eye (Vision)
fecal incontinence (loss of bowel control), ,8968,Digestive
female sexual arousal disorder (FSAD), ,8978,Gynecological
femoral hernia (hernia in thigh area), ,8968,Digestive
fibromyalgia, ,9007,Neurological other System
"flatfoot (pes planus), bilateral", ,8994,Musculoskeletal - Foot
"flatfoot (pes planus), left", ,8994,Musculoskeletal - Foot
"flatfoot (pes planus), right", ,8994,Musculoskeletal - Foot
"foot fracture (tarsal or metatarsal fracture), bilateral", ,8994,Musculoskeletal - Foot
"foot fracture (tarsal or metatarsal fracture), left", ,8994,Musculoskeletal - Foot
"foot fracture (tarsal or metatarsal fracture), right", ,8994,Musculoskeletal - Foot
"frostbite in foot, bilateral", ,8943,Cold Injury Residuals
"frostbite in foot, left", ,8943,Cold Injury Residuals
"frostbite in foot, right", ,8943,Cold Injury Residuals
"frostbite in hand or fingers, bilateral", ,8943,Cold Injury Residuals
"frostbite in hand or fingers, left", ,8943,Cold Injury Residuals
"frostbite in hand or fingers, right", ,8943,Cold Injury Residuals
gallstones (cholelithiasis), ,8968,Digestive
"gamekeeper's thumb, bilateral", ,8995,Musculoskeletal - Hand
"gamekeeper's thumb, left", ,8995,Musculoskeletal - Hand
"gamekeeper's thumb, right", ,8995,Musculoskeletal - Hand
"ganglion cyst in hand or fingers, bilateral", ,8955,Cyst/Benign Growth - Musculoskeletal - Hand
"ganglion cyst in hand or fingers, left", ,8955,Cyst/Benign Growth - Musculoskeletal - Hand
"ganglion cyst in hand or fingers, right", ,8955,Cyst/Benign Growth - Musculoskeletal - Hand
"ganglion cyst in wrist, bilateral", ,8962,Cyst/Benign Growth - Musculoskeletal - Wrist
"ganglion cyst in wrist, left", ,8962,Cyst/Benign Growth - Musculoskeletal - Wrist
"ganglion cyst in wrist, right", ,8962,Cyst/Benign Growth - Musculoskeletal - Wrist
generalized anxiety disorder (GAD), ,8989,Mental Disorders
GERD (gastroesophageal reflux disease), ,8968,Digestive
glaucoma, ,8974,Eye (Vision)
"golfer's elbow (medial epicondylitis), bilateral", ,8993,Musculoskeletal - Elbow
"golfer's elbow (medial epicondylitis), left", ,8993,Musculoskeletal - Elbow
"golfer's elbow (medial epicondylitis), right", ,8993,Musculoskeletal - Elbow
gonococcal arthritis, ,8992,Musculoskeletal - Arthritis
"gout in foot, bilateral", ,8994,Musculoskeletal - Foot
"gout in foot, left", ,8994,Musculoskeletal - Foot
"gout in foot, right", ,8994,Musculoskeletal - Foot
"gout in wrist, bilateral", ,9004,Musculoskeletal - Wrist
"gout in wrist, left", ,9004,Musculoskeletal - Wrist
"gout in wrist, right", ,9004,Musculoskeletal - Wrist
granulomatous disease, ,9012,Respiratory
"greater trochanteric pain syndrome (lateral hip pain), bilateral", ,8996,Musculoskeletal - Hip
"greater trochanteric pain syndrome (lateral hip pain), left", ,8996,Musculoskeletal - Hip
"greater trochanteric pain syndrome (lateral hip pain), right", ,8996,Musculoskeletal - Hip
"hallux rigidus (big toe arthritis), bilateral", ,8994,Musculoskeletal - Foot
"hallux rigidus (big toe arthritis), left", ,8994,Musculoskeletal - Foot
"hallux rigidus (big toe arthritis), right", ,8994,Musculoskeletal - Foot
"hammer toe, bilateral", ,8994,Musculoskeletal - Foot
"hammer toe, left", ,8994,Musculoskeletal - Foot
"hammer toe, right", ,8994,Musculoskeletal - Foot
Hansen's disease (leprosy), ,8986,"Infectious Diseases, Immune Disorders & Nutritional Deficiencies"
"hearing loss, other than tinnitus", ,3140,Hearing Loss
heart attack (myocardial infarction), ,8971,Embolism/Infarction - Heart/Veins/Arteries
heart bypass surgery (coronary artery bypass graft), ,8979,Heart/Veins/Arteries
hemorrhoids, ,8968,Digestive
hepatitis B, ,8968,Digestive
hepatitis C, ,8968,Digestive
herpes (herpes simplex virus or HSV), ,9016,Skin
hiatal hernia, ,8968,Digestive
"hip impingement (femoroacetabular impingement or FAI), bilateral", ,8996,Musculoskeletal - Hip
"hip impingement (femoroacetabular impingement or FAI), left", ,8996,Musculoskeletal - Hip
"hip impingement (femoroacetabular impingement or FAI), right", ,8996,Musculoskeletal - Hip
"hip replacement (hip arthroplasty), bilateral", ,8996,Musculoskeletal - Hip
"hip replacement (hip arthroplasty), left", ,8996,Musculoskeletal - Hip
"hip replacement (hip arthroplasty), right", ,8996,Musculoskeletal - Hip
"hip sprain, bilateral", ,8996,Musculoskeletal - Hip
"hip sprain, left", ,8996,Musculoskeletal - Hip
"hip sprain, right", ,8996,Musculoskeletal - Hip
HIV-related illness, ,8986,"Infectious Diseases, Immune Disorders & Nutritional Deficiencies"
Hodgkin lymphoma, ,8939,Cancer - Hemic and Lymphatic
"hydrocele, right", ,8975,Genitourinary
hyperhidrosis (excessive sweating), ,9016,Skin
hypertension (high blood pressure), ,8979,Heart/Veins/Arteries
hyperthyroidism (overactive thyroid), ,8973,Endocrine
hypopharyngeal cancer, ,8931,Cancer - Dental and Oral
hypothyroidism (underactive thyroid), ,8973,Endocrine
hysterectomy (removal of uterus), ,8978,Gynecological
hysterectomy and ovariectomy (removal of uterus and both ovaries), ,8978,Gynecological
illness anxiety disorder (hypochondria), ,8989,Mental Disorders
"immersion foot, bilateral", ,8943,Cold Injury Residuals
"immersion foot, left", ,8943,Cold Injury Residuals
"immersion foot, right", ,8943,Cold Injury Residuals
inguinal hernia (hernia in groin), ,8968,Digestive
"interstitial lung disease (ILD), including asbestosis", ,9012,Respiratory
"intervertebral disc syndrome (IVDS), back", ,8998,Musculoskeletal - Mid/Lower Back (Thoracolumbar Spine)
"intervertebral disc syndrome (IVDS), neck", ,8999,Musculoskeletal - Neck/Upper Back (Cervical Spine)
iron deficiency anemia, ,8981,Hemic and Lymphatic
irritable bowel syndrome (IBS), ,8968,Digestive
jaw cancer, ,8931,Cancer - Dental and Oral
keratinization skin disorders, ,9016,Skin
kidney cancer (renal cancer), ,8935,Cancer - Genitourinary
"kidney cancer (renal cancer), bilateral", ,8935,Cancer - Genitourinary
"kidney cancer (renal cancer), left", ,8935,Cancer - Genitourinary
"kidney cancer (renal cancer), right", ,8935,Cancer - Genitourinary
kidney removal (nephrectomy), ,8975,Genitourinary
kidney stones (nephrolithiasis), ,8975,Genitourinary
kidney transplant, ,8975,Genitourinary
"knee hyperextension (genu recurvatum), bilateral", ,8997,Musculoskeletal - Knee
"knee hyperextension (genu recurvatum), left", ,8997,Musculoskeletal - Knee
"knee hyperextension (genu recurvatum), right", ,8997,Musculoskeletal - Knee
"knee instability, bilateral", ,8997,Musculoskeletal - Knee
"knee instability, left", ,8997,Musculoskeletal - Knee
"knee instability, right", ,8997,Musculoskeletal - Knee
"knee or patellar dislocation, bilateral", ,8997,Musculoskeletal - Knee
"knee or patellar dislocation, left", ,8997,Musculoskeletal - Knee
"knee or patellar dislocation, right", ,8997,Musculoskeletal - Knee
"knee or patellar fracture, bilateral", ,8997,Musculoskeletal - Knee
"knee or patellar fracture, left", ,8997,Musculoskeletal - Knee
"knee or patellar fracture, right", ,8997,Musculoskeletal - Knee
"knee replacement (knee arthroplasty), bilateral", ,8997,Musculoskeletal - Knee
"knee replacement (knee arthroplasty), left", ,8997,Musculoskeletal - Knee
"knee replacement (knee arthroplasty), right", ,8997,Musculoskeletal - Knee
"knee strain or sprain, bilateral", ,8997,Musculoskeletal - Knee
"knee strain or sprain, left", ,8997,Musculoskeletal - Knee
"knee strain or sprain, right", ,8997,Musculoskeletal - Knee
"labyrinthitis (inner ear inflammation), bilateral", ,8969,Ear Disease and Other Sense Organs
"labyrinthitis (inner ear inflammation), left", ,8969,Ear Disease and Other Sense Organs
"labyrinthitis (inner ear inflammation), right", ,8969,Ear Disease and Other Sense Organs
"labyrinthitis (type of inner ear infection), bilateral", ,8969,Ear Disease and Other Sense Organs
"labyrinthitis (type of inner ear infection), left", ,8969,Ear Disease and Other Sense Organs
"labyrinthitis (type of inner ear infection), right", ,8969,Ear Disease and Other Sense Organs
laryngeal cancer (cancer of larynx), ,1230,Cancer - Respiratory
left ventricular hypertrophy (LVH), ,8979,Heart/Veins/Arteries
leukemia, ,8939,Cancer - Hemic and Lymphatic
"liver cancer, including hepatocellular carcinoma (HCC)", ,8932,Cancer - Digestive
loss of both eyes, ,8974,Eye (Vision)
loss of teeth due to bone loss, ,8967,Dental and Oral
lower back sprain (lumbosacral sprain), ,8998,Musculoskeletal - Mid/Lower Back (Thoracolumbar Spine)
lower back strain (lumbosacral strain), ,8998,Musculoskeletal - Mid/Lower Back (Thoracolumbar Spine)
lumbar spinal stenosis (narrowing of spinal canal in lower back), ,8998,Musculoskeletal - Mid/Lower Back (Thoracolumbar Spine)
lung cancer, ,1230,Cancer - Respiratory
lupus, ,8986,"Infectious Diseases, Immune Disorders & Nutritional Deficiencies"
lymphatic filariasis, ,8986,"Infectious Diseases, Immune Disorders & Nutritional Deficiencies"
malaria, ,8986,"Infectious Diseases, Immune Disorders & Nutritional Deficiencies"
malignant tumor in spinal cord, ,8942,Cancer - Neurological other System
"mallet finger, bilateral", ,8995,Musculoskeletal - Hand
"mallet finger, left", ,8995,Musculoskeletal - Hand
"mallet finger, right", ,8995,Musculoskeletal - Hand
melanoma of the skin, ,1250,Cancer - Skin
Meniere's disease, ,8969,Ear Disease and Other Sense Organs
"meniscectomy (removal of meniscus), bilateral", ,8997,Musculoskeletal - Knee
"meniscectomy (removal of meniscus), left", ,8997,Musculoskeletal - Knee
"meniscectomy (removal of meniscus), right", ,8997,Musculoskeletal - Knee
"meniscus tear, bilateral", ,8997,Musculoskeletal - Knee
"meniscus tear, left", ,8997,Musculoskeletal - Knee
"meniscus tear, right", ,8997,Musculoskeletal - Knee
"metatarsalgia (pain in ball of foot), bilateral", ,8994,Musculoskeletal - Foot
"metatarsalgia (pain in ball of foot), left", ,8994,Musculoskeletal - Foot
"metatarsalgia (pain in ball of foot), right", ,8994,Musculoskeletal - Foot
middle back sprain (thoracic sprain), ,8998,Musculoskeletal - Mid/Lower Back (Thoracolumbar Spine)
middle back strain (thoracic strain), ,8998,Musculoskeletal - Mid/Lower Back (Thoracolumbar Spine)
migraines (headaches), ,9007,Neurological other System
mitral regurgitation, ,8979,Heart/Veins/Arteries
mitral valve prolapse (Barlow syndrome), ,8979,Heart/Veins/Arteries
"Morton's neuroma, bilateral", ,8994,Musculoskeletal - Foot
"Morton's neuroma, left", ,8994,Musculoskeletal - Foot
"Morton's neuroma, right", ,8994,Musculoskeletal - Foot
"multiple myeloma, extremities or trunk", ,8939,Cancer - Hemic and Lymphatic
"multiple myeloma, head or neck", ,8939,Cancer - Hemic and Lymphatic
multiple sclerosis (MS), ,9007,Neurological other System
muscle hernia, ,9005,Musculoskeletal and Muscle Injuries
myasthenia gravis, ,9007,Neurological other System
nasopharyngeal cancer, ,1230,Cancer - Respiratory
neck sprain (cervical sprain), ,8999,Musculoskeletal - Neck/Upper Back (Cervical Spine)
neck strain (cervical strain), ,8999,Musculoskeletal - Neck/Upper Back (Cervical Spine)
"nerve-related soft-tissue sarcoma, extremities or trunk", ,8942,Cancer - Neurological other System
"nerve-related soft-tissue sarcoma, head or neck", ,8942,Cancer - Neurological other System
neurogenic bladder, ,8975,Genitourinary
"non-diabetic peripheral neuropathy, bilateral lower extremities", ,9006,Neurological - Cranial/Peripheral Nerves
"non-diabetic peripheral neuropathy, bilateral upper extremities", ,9006,Neurological - Cranial/Peripheral Nerves
"non-diabetic peripheral neuropathy, left lower extremities", ,9006,Neurological - Cranial/Peripheral Nerves
"non-diabetic peripheral neuropathy, left upper extremities", ,9006,Neurological - Cranial/Peripheral Nerves
"non-diabetic peripheral neuropathy, right lower extremities", ,9006,Neurological - Cranial/Peripheral Nerves
"non-diabetic peripheral neuropathy, right upper extremities", ,9006,Neurological - Cranial/Peripheral Nerves
non-Hodgkin lymphoma, ,8939,Cancer - Hemic and Lymphatic
obsessive compulsive disorder (OCD), ,8989,Mental Disorders
oral cavity squamous cell carcinoma, ,8931,Cancer - Dental and Oral
orchitis (inflammation of testicles), ,8975,Genitourinary
oropharyngeal cancer, ,1230,Cancer - Respiratory
osteomyelitis, ,9000,Musculoskeletal - Osteomyelitis
"otitis media (middle ear infection), bilateral", ,8969,Ear Disease and Other Sense Organs
"otitis media (middle ear infection), left", ,8969,Ear Disease and Other Sense Organs
"otitis media (middle ear infection), right", ,8969,Ear Disease and Other Sense Organs
ovarian adhesions, ,8921,Adhesions - Gynecological
"ovarian cancer, bilateral", ,8937,Cancer - Gynecological
"ovarian cancer, left", ,8937,Cancer - Gynecological
"ovarian cancer, right", ,8937,Cancer - Gynecological
ovarian cysts, ,8951,Cyst/Benign Growth - Gynecological
ovariectomy (removal of one or both ovaries), ,8978,Gynecological
pancreatic cancer, ,8932,Cancer - Digestive
panic disorder, ,8989,Mental Disorders
paranasal sinus and nasal cavity cancer, ,8931,Cancer - Dental and Oral
paranasal sinus or nasal cavity cancer, ,8931,Cancer - Dental and Oral
Parkinson's disease, ,9007,Neurological other System
"patellar or quadriceps tendon rupture, bilateral", ,8997,Musculoskeletal - Knee
"patellar or quadriceps tendon rupture, left", ,8997,Musculoskeletal - Knee
"patellar or quadriceps tendon rupture, right", ,8997,Musculoskeletal - Knee
"patellofemoral pain syndrome, bilateral", ,8997,Musculoskeletal - Knee
"patellofemoral pain syndrome, left", ,8997,Musculoskeletal - Knee
"patellofemoral pain syndrome, right", ,8997,Musculoskeletal - Knee
"PCL tear (posterior cruciate ligament tear), bilateral", ,8997,Musculoskeletal - Knee
"PCL tear (posterior cruciate ligament tear), left", ,8997,Musculoskeletal - Knee
"PCL tear (posterior cruciate ligament tear), right", ,8997,Musculoskeletal - Knee
penile cancer, ,8935,Cancer - Genitourinary
"perforated eardrum (perforated tympanic membrane), bilateral", ,8969,Ear Disease and Other Sense Organs
"perforated eardrum (perforated tympanic membrane), left", ,8969,Ear Disease and Other Sense Organs
"perforated eardrum (perforated tympanic membrane), right", ,8969,Ear Disease and Other Sense Organs
persistent depressive disorder (dysthymic disorder), ,8989,Mental Disorders
pharyngeal cancer (throat cancer) , ,1230,Cancer - Respiratory
"plantar fasciitis, bilateral", ,8994,Musculoskeletal - Foot
"plantar fasciitis, left", ,8994,Musculoskeletal - Foot
"plantar fasciitis, right", ,8994,Musculoskeletal - Foot
"plantar warts (foot warts), bilateral", ,9016,Skin
"plantar warts (foot warts), left", ,9016,Skin
"plantar warts (foot warts), right", ,9016,Skin
pleurisy (pleuritis) , ,9012,Respiratory
pneumococcal arthritis, ,8992,Musculoskeletal - Arthritis
polycystic ovary syndrome (PCOS), ,8978,Gynecological
"post-traumatic arthritis in ankle, bilateral", ,8991,Musculoskeletal - Ankle
"post-traumatic arthritis in ankle, left", ,8991,Musculoskeletal - Ankle
"post-traumatic arthritis in ankle, right", ,8991,Musculoskeletal - Ankle
"post-traumatic arthritis in elbow, bilateral", ,8993,Musculoskeletal - Elbow
"post-traumatic arthritis in elbow, left", ,8993,Musculoskeletal - Elbow
"post-traumatic arthritis in elbow, right", ,8993,Musculoskeletal - Elbow
"post-traumatic arthritis in foot, bilateral", ,8994,Musculoskeletal - Foot
"post-traumatic arthritis in foot, left", ,8994,Musculoskeletal - Foot
"post-traumatic arthritis in foot, right", ,8994,Musculoskeletal - Foot
"post-traumatic arthritis in hand or fingers, bilateral", ,8995,Musculoskeletal - Hand
"post-traumatic arthritis in hand or fingers, left", ,8995,Musculoskeletal - Hand
"post-traumatic arthritis in hand or fingers, right", ,8995,Musculoskeletal - Hand
"post-traumatic arthritis in hip, bilateral", ,8996,Musculoskeletal - Hip
"post-traumatic arthritis in hip, left", ,8996,Musculoskeletal - Hip
"post-traumatic arthritis in hip, right", ,8996,Musculoskeletal - Hip
"post-traumatic arthritis in knee, bilateral", ,8997,Musculoskeletal - Knee
"post-traumatic arthritis in knee, left", ,8997,Musculoskeletal - Knee
"post-traumatic arthritis in knee, right", ,8997,Musculoskeletal - Knee
"post-traumatic arthritis in shoulder, bilateral", ,9002,Musculoskeletal - Shoulder
"post-traumatic arthritis in shoulder, left", ,9002,Musculoskeletal - Shoulder
"post-traumatic arthritis in shoulder, right", ,9002,Musculoskeletal - Shoulder
"post-traumatic arthritis in wrist, bilateral", ,9004,Musculoskeletal - Wrist
"post-traumatic arthritis in wrist, left", ,9004,Musculoskeletal - Wrist
"post-traumatic arthritis in wrist, right", ,9004,Musculoskeletal - Wrist
poststreptococcal arthritis, ,8992,Musculoskeletal - Arthritis
premature ventricular contractions, ,8979,Heart/Veins/Arteries
proctitis (inflammation of rectum), ,8968,Digestive
prostate cancer, ,8935,Cancer - Genitourinary
prostatitis (inflammation of prostate), ,8975,Genitourinary
"pseudofolliculitis barbae (razor bumps, shave bumps, or ingrown hairs)", ,9016,Skin
psoriasis, ,9016,Skin
PTSD (post-traumatic stress disorder), ,8989,Mental Disorders
"PTSD (post-traumatic stress disorder), combat-related", ,8989,Mental Disorders
"PTSD (post-traumatic stress disorder), non-combat-related", ,8989,Mental Disorders
pulmonary fibrosis, ,9012,Respiratory
pulmonary granuloma (lung nodule)  , ,8965,Cyst/Benign Growth - Respiratory
"radiculopathy, bilateral lower extremities", ,8998,Musculoskeletal - Mid/Lower Back (Thoracolumbar Spine)
"radiculopathy, bilateral upper extremities", ,8999,Musculoskeletal - Neck/Upper Back (Cervical Spine)
"radiculopathy, left lower extremities", ,8998,Musculoskeletal - Mid/Lower Back (Thoracolumbar Spine)
"radiculopathy, left upper extremities", ,8999,Musculoskeletal - Neck/Upper Back (Cervical Spine)
"radiculopathy, right lower extremities", ,8998,Musculoskeletal - Mid/Lower Back (Thoracolumbar Spine)
"radiculopathy, right upper extremities", ,8999,Musculoskeletal - Neck/Upper Back (Cervical Spine)
Raynaud's disease, ,8979,Heart/Veins/Arteries
rheumatoid arthritis, ,8992,Musculoskeletal - Arthritis
"rib fracture, bilateral", ,249482,Musculoskeletal - Bones
"rib fracture, left", ,249482,Musculoskeletal - Bones
"rib fracture, right", ,249482,Musculoskeletal - Bones
rib removal, ,249482,Musculoskeletal - Bones
right ventricular hypertrophy (RVH), ,8979,Heart/Veins/Arteries
ringworm (dermatophytosis), ,9016,Skin
"rotator cuff tear, bilateral", ,9002,Musculoskeletal - Shoulder
"rotator cuff tear, left", ,9002,Musculoskeletal - Shoulder
"rotator cuff tear, right", ,9002,Musculoskeletal - Shoulder
salivary gland cancer, ,8931,Cancer - Dental and Oral
sarcoidosis, ,9012,Respiratory
"scars, extremities or trunk", ,9013,Scars (Extremities and Trunk)
"scars, head, face or neck", ,9014,"Scars (Head, Face, Or Neck)"
schizophrenia, ,8989,Mental Disorders
"shin splints, bilateral", ,8997,Musculoskeletal - Knee
"shin splints, left", ,8997,Musculoskeletal - Knee
"shin splints, right", ,8997,Musculoskeletal - Knee
"shoulder dislocation, bilateral", ,9002,Musculoskeletal - Shoulder
"shoulder dislocation, left", ,9002,Musculoskeletal - Shoulder
"shoulder dislocation, right", ,9002,Musculoskeletal - Shoulder
"shoulder impingement syndrome, bilateral", ,9002,Musculoskeletal - Shoulder
"shoulder impingement syndrome, left", ,9002,Musculoskeletal - Shoulder
"shoulder impingement syndrome, right", ,9002,Musculoskeletal - Shoulder
"shoulder replacement (shoulder arthroplasty), bilateral", ,9002,Musculoskeletal - Shoulder
"shoulder replacement (shoulder arthroplasty), left", ,9002,Musculoskeletal - Shoulder
"shoulder replacement (shoulder arthroplasty), right", ,9002,Musculoskeletal - Shoulder
"shoulder strain, bilateral", ,9002,Musculoskeletal - Shoulder
"shoulder strain, left", ,9002,Musculoskeletal - Shoulder
"shoulder strain, right", ,9002,Musculoskeletal - Shoulder
sickle cell anemia, ,8981,Hemic and Lymphatic
"SLAP tear (superior labral anterior to posterior tear), bilateral", ,9002,Musculoskeletal - Shoulder
"SLAP tear (superior labral anterior to posterior tear), right", ,9002,Musculoskeletal - Shoulder
"SLAP tear (superior labral anterior to posterior), left", ,9002,Musculoskeletal - Shoulder
sleep apnea, ,9012,Respiratory
small intestine cancer, ,8932,Cancer - Digestive
"soft-tissue sarcoma of muscle, fat, or fibrous connective tissue, extremities or trunk", ,8941,Cancer - Musculoskeletal and Muscle Injuries
"soft-tissue sarcoma of muscle, fat, or fibrous connective tissue, head or neck", ,8941,Cancer - Musculoskeletal and Muscle Injuries
somatic symptom disorder (SSD), ,8989,Mental Disorders
"spinal arthritis, back", ,8998,Musculoskeletal - Mid/Lower Back (Thoracolumbar Spine)
"spinal arthritis, neck", ,8999,Musculoskeletal - Neck/Upper Back (Cervical Spine)
"spondylolisthesis, back", ,8998,Musculoskeletal - Mid/Lower Back (Thoracolumbar Spine)
"spondylolisthesis, neck", ,8999,Musculoskeletal - Neck/Upper Back (Cervical Spine)
"squamous cell carcinoma of the skin, extremities or trunk", ,1250,Cancer - Skin
"squamous cell carcinoma of the skin, head or neck ", ,1250,Cancer - Skin
stomach cancer, ,8932,Cancer - Digestive
"stress fracture in leg, bilateral", ,8997,Musculoskeletal - Knee
"stress fracture in leg, left", ,8997,Musculoskeletal - Knee
"stress fracture in leg, right", ,8997,Musculoskeletal - Knee
syphilitic arthritis, ,8992,Musculoskeletal - Arthritis
tachycardia, ,8979,Heart/Veins/Arteries
tailbone (coccyx) removal, ,249482,Musculoskeletal - Bones
"temporomandibular disorder, including TMJ", ,249481,Dental and Oral - Musculoskeletal
"tendinosis in hand or fingers, bilateral", ,8995,Musculoskeletal - Hand
"tendinosis in hand or fingers, left", ,8995,Musculoskeletal - Hand
"tendinosis in hand or fingers, right", ,8995,Musculoskeletal - Hand
"tendonitis (tendinitis) in ankle, bilateral", ,8991,Musculoskeletal - Ankle
"tendonitis (tendinitis) in ankle, left", ,8991,Musculoskeletal - Ankle
"tendonitis (tendinitis) in ankle, right", ,8991,Musculoskeletal - Ankle
"tendonitis (tendinitis) in elbow, bilateral", ,8993,Musculoskeletal - Elbow
"tendonitis (tendinitis) in elbow, left", ,8993,Musculoskeletal - Elbow
"tendonitis (tendinitis) in elbow, right", ,8993,Musculoskeletal - Elbow
"tendonitis (tendinitis) in foot, bilateral", ,8994,Musculoskeletal - Foot
"tendonitis (tendinitis) in foot, left", ,8994,Musculoskeletal - Foot
"tendonitis (tendinitis) in foot, right", ,8994,Musculoskeletal - Foot
"tendonitis (tendinitis) in hand or fingers, bilateral", ,8995,Musculoskeletal - Hand
"tendonitis (tendinitis) in hand or fingers, left", ,8995,Musculoskeletal - Hand
"tendonitis (tendinitis) in hand or fingers, right", ,8995,Musculoskeletal - Hand
"tendonitis (tendinitis) in hip, bilateral", ,8996,Musculoskeletal - Hip
"tendonitis (tendinitis) in hip, left", ,8996,Musculoskeletal - Hip
"tendonitis (tendinitis) in hip, right", ,8996,Musculoskeletal - Hip
"tendonitis (tendinitis) in knee, bilateral", ,8997,Musculoskeletal - Knee
"tendonitis (tendinitis) in knee, left", ,8997,Musculoskeletal - Knee
"tendonitis (tendinitis) in knee, right", ,8997,Musculoskeletal - Knee
"tendonitis (tendinitis) in shoulder, bilateral", ,9002,Musculoskeletal - Shoulder
"tendonitis (tendinitis) in shoulder, left", ,9002,Musculoskeletal - Shoulder
"tendonitis (tendinitis) in shoulder, right", ,9002,Musculoskeletal - Shoulder
"tendonitis (tendinitis) in wrist, bilateral", ,9004,Musculoskeletal - Wrist
"tendonitis (tendinitis) in wrist, left", ,9004,Musculoskeletal - Wrist
"tendonitis (tendinitis) in wrist, right", ,9004,Musculoskeletal - Wrist
"tennis elbow (lateral epicondylitis), bilateral", ,8993,Musculoskeletal - Elbow
"tennis elbow (lateral epicondylitis), left", ,8993,Musculoskeletal - Elbow
"tennis elbow (lateral epicondylitis), right", ,8993,Musculoskeletal - Elbow
"tenosynovitis in hand or fingers, bilateral", ,8995,Musculoskeletal - Hand
"tenosynovitis in hand or fingers, left", ,8995,Musculoskeletal - Hand
"tenosynovitis in hand or fingers, right", ,8995,Musculoskeletal - Hand
"tenosynovitis in wrist, bilateral", ,9004,Musculoskeletal - Wrist
"tenosynovitis in wrist, left", ,9004,Musculoskeletal - Wrist
"tenosynovitis in wrist, right", ,9004,Musculoskeletal - Wrist
testicular cancer, ,8935,Cancer - Genitourinary
"testicular cancer, bilateral", ,8935,Cancer - Genitourinary
"testicular cancer, left", ,8935,Cancer - Genitourinary
"testicular cancer, right", ,8935,Cancer - Genitourinary
thyroid cancer, ,8933,Cancer - Endocrine
"tibia or fibula fracture, bilateral", ,8997,Musculoskeletal - Knee
"tibia or fibula fracture, left", ,8997,Musculoskeletal - Knee
"tibia or fibula fracture, right", ,8997,Musculoskeletal - Knee
Tietze syndrome, ,249482,Musculoskeletal - Bones
tinnitus (ringing or hissing in ears), ,3140,Hearing Loss
tongue cancer, ,8931,Cancer - Dental and Oral
trachea cancer (cancer of windpipe), ,1230,Cancer - Respiratory
traumatic brain injury (TBI), ,9020,Traumatic Brain Injury
"trigger finger, bilateral", ,8995,Musculoskeletal - Hand
"trigger finger, left", ,8995,Musculoskeletal - Hand
"trigger finger, right", ,8995,Musculoskeletal - Hand
typhoid arthritis, ,8992,Musculoskeletal - Arthritis
ulcerative colitis, ,8968,Digestive
ureteral cancer (ureter cancer), ,8935,Cancer - Genitourinary
urethritis, ,8975,Genitourinary
urinary incontinence (loss of bladder control), ,8975,Genitourinary
urticaria (hives), ,9016,Skin
uterine cancer, ,8937,Cancer - Gynecological
vaginal cancer, ,8937,Cancer - Gynecological
"varicocele, bilateral", ,8975,Genitourinary
"varicocele, left", ,8975,Genitourinary
"varicocele, right", ,8975,Genitourinary
varicose veins in leg, ,8987,Leg Condition - Heart/Veins/Arteries
"varicose veins in leg, bilateral", ,8987,Leg Condition - Heart/Veins/Arteries
"varicose veins in leg, left", ,8987,Leg Condition - Heart/Veins/Arteries
"varicose veins in leg, right", ,8987,Leg Condition - Heart/Veins/Arteries
"varicose veins, other than in leg", ,8979,Heart/Veins/Arteries
"vascular soft-tissue sarcoma, including angiosarcoma, extremities or trunk", ,8938,Cancer - Heart/Veins/Arteries
"vascular soft-tissue sarcoma, including angiosarcoma, head or neck ", ,8938,Cancer - Heart/Veins/Arteries
ventral hernia (hernia in abdomen), ,8968,Digestive
"visual impairment, including blurry vision, blindness and double vision", ,8974,Eye (Vision)
vitiligo, ,9016,Skin
vulvar cancer, ,8937,Cancer - Gynecological
"weak foot, bilateral", ,8994,Musculoskeletal - Foot
"weak foot, left", ,8994,Musculoskeletal - Foot
"weak foot, right", ,8994,Musculoskeletal - Foot
Wolff-Parkinson-White syndrome, ,8979,Heart/Veins/Arteries
"wrist fracture, bilateral", ,9004,Musculoskeletal - Wrist
"wrist fracture, left", ,9004,Musculoskeletal - Wrist
"wrist fracture, right", ,9004,Musculoskeletal - Wrist
"wrist replacement (wrist arthroplasty), bilateral", ,9004,Musculoskeletal - Wrist
"wrist replacement (wrist arthroplasty), left", ,9004,Musculoskeletal - Wrist
"wrist replacement (wrist arthroplasty), right", ,9004,Musculoskeletal - Wrist
"wrist sprain, bilateral", ,9004,Musculoskeletal - Wrist
"wrist sprain, left", ,9004,Musculoskeletal - Wrist
"wrist sprain, right", ,9004,Musculoskeletal - Wrist
abnormal heart,10,8979,Heart/Veins/Arteries
abnormal mitral valve,20,8979,Heart/Veins/Arteries
"abscess, brain",40,9007,Neurological other System
"abscess, kidney",50,8975,Genitourinary
"abscess, liver",60,8968,Digestive
acromegaly,80,8973,Endocrine
acute nonlymphocytic leukemia,90,8939,Cancer - Hemic and Lymphatic
Addison's disease,100,8973,Endocrine
Adhesions - Digestive,8920,8920,Adhesions - Digestive
Adhesions - Gynecological,8921,8921,Adhesions - Gynecological
Adhesions - Heart/Veins/Arteries,8922,8922,Adhesions - Heart/Veins/Arteries
Adhesions - Neurological other System,8923,8923,Adhesions - Neurological other System
Adhesions - Respiratory,8924,8924,Adhesions - Respiratory
Administrative Issue,8925,8925,Administrative Issue
agoraphobia,150,8989,Mental Disorders
aids,8916,8986,"Infectious Diseases, Immune Disorders & Nutritional Deficiencies"
AIDS,160,8986,"Infectious Diseases, Immune Disorders & Nutritional Deficiencies"
alcohol abuse,170,8989,Mental Disorders
allergies,180,9012,Respiratory
alveolar abscesses,200,8967,Dental and Oral
amebiasis,210,8968,Digestive
amputation - above knee,230,8990,Musculoskeletal - Amputations
"amputation - arm, forearm, hand",240,8990,Musculoskeletal - Amputations
amputation - below knee,250,8990,Musculoskeletal - Amputations
amputation - foot (feet),260,8990,Musculoskeletal - Amputations
amputation - leg(s),270,8990,Musculoskeletal - Amputations
amputation - multiple fingers,280,8990,Musculoskeletal - Amputations
amputation - single finger,290,8990,Musculoskeletal - Amputations
amputation - toe (toes),300,9003,Musculoskeletal - Toe Amputations
amyotrophic lateral sclerosis,310,9007,Neurological other System
"anemia, primary",330,8981,Hemic and Lymphatic
Aneurysm - Heart/Veins/Arteries,8926,8926,Aneurysm - Heart/Veins/Arteries
Aneurysm - Neurological other System,8927,8927,Aneurysm - Neurological other System
angina,350,8979,Heart/Veins/Arteries
"ankle condition, bilateral",360,8991,Musculoskeletal - Ankle
"ankle condition, left",370,8991,Musculoskeletal - Ankle
"ankle condition, right",380,8991,Musculoskeletal - Ankle
ankle sprain,390,8991,Musculoskeletal - Ankle
ankle strain,400,8991,Musculoskeletal - Ankle
anxiety condition,410,8989,Mental Disorders
Arm Condition - Heart/Veins/Arteries,8928,8928,Arm Condition - Heart/Veins/Arteries
Arm Condition - Neurological other System,8929,8929,Arm Condition - Neurological other System
arrhythmia,450,8979,Heart/Veins/Arteries
arteriosclerosis,460,8979,Heart/Veins/Arteries
arteriosclerosis obliterans,470,8979,Heart/Veins/Arteries
arteriosclerotic heart disease,480,8979,Heart/Veins/Arteries
asbestosis (asbestos disease),520,9012,Respiratory
ASHD,530,8979,Heart/Veins/Arteries
asthma,540,9012,Respiratory
atherosclerosis,550,8979,Heart/Veins/Arteries
athlete's foot,570,9016,Skin
"atrophy, progressive muscular",580,9007,Neurological other System
avitaminosis,590,8986,"Infectious Diseases, Immune Disorders & Nutritional Deficiencies"
Bell's palsy,650,9007,Neurological other System
beriberi (including beriberi heart disease),660,8986,"Infectious Diseases, Immune Disorders & Nutritional Deficiencies"
bipolar disorder,670,8989,Mental Disorders
Birth Defect in Child,680,680,Birth Defect in Child
blackwater fever,690,8986,"Infectious Diseases, Immune Disorders & Nutritional Deficiencies"
bladder condition,700,8975,Genitourinary
bladder stone(s),710,8975,Genitourinary
blindness (including light perception only),720,8974,Eye (Vision)
Boeck's disease,740,9012,Respiratory
bowel condition,780,8968,Digestive
brain hemorrhage,790,8972,Embolism/Infarction - Neurological other System
brain thrombosis,800,8972,Embolism/Infarction - Neurological other System
"breast condition, bilateral",820,8978,Gynecological
"breast condition, left",830,8978,Gynecological
"breast condition, right",840,8978,Gynecological
bronchiectasis,850,9012,Respiratory
bronchitis,860,9012,Respiratory
Buerger's disease,880,8979,Heart/Veins/Arteries
bulbar palsy,890,9007,Neurological other System
burn(s),900,9013,Scars (Extremities and Trunk)
CAD,920,8979,Heart/Veins/Arteries
Caisson,8930,8930,Caisson
Caisson disease,930,8930,Caisson
calculus - bladder,940,8975,Genitourinary
cancer - bile ducts,980,8932,Cancer - Digestive
cancer - brain,1000,8942,Cancer - Neurological other System
cancer - breast,1010,8937,Cancer - Gynecological
cancer - bronchus,1020,1230,Cancer - Respiratory
cancer - colon,1040,8932,Cancer - Digestive
Cancer - Dental and Oral,8931,8931,Cancer - Dental and Oral
Cancer - Digestive,8932,8932,Cancer - Digestive
Cancer - Ear Disease and Other Sense Organs,249468,249468,Cancer - Ear Disease and Other Sense Organs
Cancer - Endocrine,8933,8933,Cancer - Endocrine
Cancer - Eye (Vision),8934,8934,Cancer - Eye (Vision)
cancer - gall bladder,1060,8932,Cancer - Digestive
cancer - gastrointestinal tract,1070,8932,Cancer - Digestive
Cancer - Genitourinary,8935,8935,Cancer - Genitourinary
cancer - gum,1080,8931,Cancer - Dental and Oral
Cancer - Gynecological,8937,8937,Cancer - Gynecological
Cancer - Heart/Veins/Arteries,8938,8938,Cancer - Heart/Veins/Arteries
Cancer - Hemic and Lymphatic,8939,8939,Cancer - Hemic and Lymphatic
cancer - kidney,1090,8933,Cancer - Endocrine
cancer - larynx,1100,1230,Cancer - Respiratory
cancer - lip,1110,8931,Cancer - Dental and Oral
cancer - liver,1120,8932,Cancer - Digestive
cancer - lung,1130,1230,Cancer - Respiratory
cancer - lymph nodes,1140,8939,Cancer - Hemic and Lymphatic
Cancer - Musculoskeletal - Ankle,249469,249469,Cancer - Musculoskeletal - Ankle
Cancer - Musculoskeletal - Elbow,249470,249470,Cancer - Musculoskeletal - Elbow
Cancer - Musculoskeletal - Foot,249472,249472,Cancer - Musculoskeletal - Foot
Cancer - Musculoskeletal - Hand,249471,249471,Cancer - Musculoskeletal - Hand
Cancer - Musculoskeletal - Hip,249474,249474,Cancer - Musculoskeletal - Hip
Cancer - Musculoskeletal - Knee,249473,249473,Cancer - Musculoskeletal - Knee
Cancer - Musculoskeletal - Mid/Lower Back (Thoracolumbar Spine),249475,249475,Cancer - Musculoskeletal - Mid/Lower Back (Thoracolumbar Spine)
Cancer - Musculoskeletal - Neck/Upper Back (Cervical Spine),249476,249476,Cancer - Musculoskeletal - Neck/Upper Back (Cervical Spine)
Cancer - Musculoskeletal - Other,8940,8940,Cancer - Musculoskeletal - Other
Cancer - Musculoskeletal - Shoulder,249477,249477,Cancer - Musculoskeletal - Shoulder
Cancer - Musculoskeletal - Wrist,249478,249478,Cancer - Musculoskeletal - Wrist
Cancer - Musculoskeletal and Muscle Injuries,8941,8941,Cancer - Musculoskeletal and Muscle Injuries
Cancer - Neurological other System,8942,8942,Cancer - Neurological other System
cancer - ovarian,1160,8937,Cancer - Gynecological
cancer - pancreas,1170,8932,Cancer - Digestive
cancer - prostate,1200,8935,Cancer - Genitourinary
cancer - rectum,1210,8932,Cancer - Digestive
Cancer - Respiratory,1230,1230,Cancer - Respiratory
Cancer - Skin,1250,1250,Cancer - Skin
cancer - small intestine,1260,8932,Cancer - Digestive
cancer - stomach,1280,8932,Cancer - Digestive
cancer - testicle,1290,8935,Cancer - Genitourinary
cancer - thyroid,1300,8933,Cancer - Endocrine
cancer - tongue,1310,8931,Cancer - Dental and Oral
cancer - trachea,1320,1230,Cancer - Respiratory
cancer - ureters,1330,8935,Cancer - Genitourinary
cancer - urethra,1340,8935,Cancer - Genitourinary
cancer - urinary tract,1360,8935,Cancer - Genitourinary
cancer - urogenital system (except prostate),1370,8935,Cancer - Genitourinary
carpal tunnel syndrome,1420,9006,Neurological - Cranial/Peripheral Nerves
cataract,1440,8974,Eye (Vision)
"cataracts, posterior subcapsular",1450,8974,Eye (Vision)
cervical strain,1550,8999,Musculoskeletal - Neck/Upper Back (Cervical Spine)
cervicitis,1560,8978,Gynecological
CHF,1570,8979,Heart/Veins/Arteries
cholangitis,1630,8968,Digestive
cholecystitis,1640,8968,Digestive
cholera,1650,8986,"Infectious Diseases, Immune Disorders & Nutritional Deficiencies"
choriocarcinoma,1660,8937,Cancer - Gynecological
choroiditis,1670,8974,Eye (Vision)
chronic fatigue syndrome,1680,8986,"Infectious Diseases, Immune Disorders & Nutritional Deficiencies"
chronic lymphocytic leukemia,1690,8939,Cancer - Hemic and Lymphatic
chronic obstructive pulmonary disease,1700,9012,Respiratory
chronic organic brain syndrome,1710,9007,Neurological other System
chronic renal disease,1720,8975,Genitourinary
cirrhosis of liver,1730,8968,Digestive
clavicle,1740,9002,Musculoskeletal - Shoulder
coccidiodomycosis,1760,9012,Respiratory
Cold Injury Residuals,8943,8943,Cold Injury Residuals
colitis,1780,8968,Digestive
"colon syndrome, irritable",1790,8968,Digestive
comedocarcinoma,1820,8937,Cancer - Gynecological
Competency,8944,8944,Competency
congestive heart failure,1830,8979,Heart/Veins/Arteries
conjunctivitis,1840,8974,Eye (Vision)
cor pulmonale,1850,8979,Heart/Veins/Arteries
corneal opacities,1860,8974,Eye (Vision)
coronary,1870,8979,Heart/Veins/Arteries
coronary accident,1880,8979,Heart/Veins/Arteries
coronary artery bypass,1890,8979,Heart/Veins/Arteries
coronary artery disease,1900,8979,Heart/Veins/Arteries
Cushing's syndrome,1920,8973,Endocrine
cyclitis,1940,8974,Eye (Vision)
Cyst/Benign Growth - Dental and Oral,8945,8945,Cyst/Benign Growth - Dental and Oral
Cyst/Benign Growth - Digestive,8946,8946,Cyst/Benign Growth - Digestive
Cyst/Benign Growth - Ear Disease and Other Sense Organs,8947,8947,Cyst/Benign Growth - Ear Disease and Other Sense Organs
Cyst/Benign Growth - Endocrine,8948,8948,Cyst/Benign Growth - Endocrine
Cyst/Benign Growth - Eye (Vision),8949,8949,Cyst/Benign Growth - Eye (Vision)
Cyst/Benign Growth - Genitourinary,8950,8950,Cyst/Benign Growth - Genitourinary
Cyst/Benign Growth - Gynecological,8951,8951,Cyst/Benign Growth - Gynecological
Cyst/Benign Growth - Heart/Veins/Arteries,249479,249479,Cyst/Benign Growth - Heart/Veins/Arteries
Cyst/Benign Growth - Hemic and Lymphatic,249480,249480,Cyst/Benign Growth - Hemic and Lymphatic
Cyst/Benign Growth - Musculoskeletal - Ankle,8952,8952,Cyst/Benign Growth - Musculoskeletal - Ankle
Cyst/Benign Growth - Musculoskeletal - Elbow,8953,8953,Cyst/Benign Growth - Musculoskeletal - Elbow
Cyst/Benign Growth - Musculoskeletal - Foot,8954,8954,Cyst/Benign Growth - Musculoskeletal - Foot
Cyst/Benign Growth - Musculoskeletal - Hand,8955,8955,Cyst/Benign Growth - Musculoskeletal - Hand
Cyst/Benign Growth - Musculoskeletal - Hip,8956,8956,Cyst/Benign Growth - Musculoskeletal - Hip
Cyst/Benign Growth - Musculoskeletal - Knee,8957,8957,Cyst/Benign Growth - Musculoskeletal - Knee
Cyst/Benign Growth - Musculoskeletal - Mid/Lower Back (Thoracolumbar Spine),8958,8958,Cyst/Benign Growth - Musculoskeletal - Mid/Lower Back (Thoracolumbar Spine)
Cyst/Benign Growth - Musculoskeletal - Neck/Upper Back (Cervical Spine),8959,8959,Cyst/Benign Growth - Musculoskeletal - Neck/Upper Back (Cervical Spine)
Cyst/Benign Growth - Musculoskeletal - Other,8960,8960,Cyst/Benign Growth - Musculoskeletal - Other
Cyst/Benign Growth - Musculoskeletal - Shoulder,8961,8961,Cyst/Benign Growth - Musculoskeletal - Shoulder
Cyst/Benign Growth - Musculoskeletal - Wrist,8962,8962,Cyst/Benign Growth - Musculoskeletal - Wrist
Cyst/Benign Growth - Musculoskeletal and Muscle Injuries,8963,8963,Cyst/Benign Growth - Musculoskeletal and Muscle Injuries
Cyst/Benign Growth - Neurological other System,8964,8964,Cyst/Benign Growth - Neurological other System
Cyst/Benign Growth - Respiratory,8965,8965,Cyst/Benign Growth - Respiratory
Cyst/Benign Growth - Skin,8966,8966,Cyst/Benign Growth - Skin
cystitis,1970,8975,Genitourinary
dementia,2010,8989,Mental Disorders
dental abscesses,2020,8967,Dental and Oral
Dental and Oral,8967,8967,Dental and Oral
Dental and Oral - Musculoskeletal,249481,249481,Dental and Oral - Musculoskeletal
depression,2030,8989,Mental Disorders
depressive neurosis,2040,8989,Mental Disorders
diabetes,2060,8973,Endocrine
diabetes insipidus,2070,8973,Endocrine
diabetes mellitus,2080,8973,Endocrine
Digestive,8968,8968,Digestive
discoid lupus,2120,8986,"Infectious Diseases, Immune Disorders & Nutritional Deficiencies"
diverticulitis,2130,8968,Digestive
dracontiasis,2150,8986,"Infectious Diseases, Immune Disorders & Nutritional Deficiencies"
dracunculiasis,2160,8986,"Infectious Diseases, Immune Disorders & Nutritional Deficiencies"
dysentery,2180,8968,Digestive
dysthymic disorder,2190,8989,Mental Disorders
Ear Disease and Other Sense Organs,8969,8969,Ear Disease and Other Sense Organs
ear infection,2210,8969,Ear Disease and Other Sense Organs
ears-ringing,2220,3140,Hearing Loss
eating disorder,2230,8970,Eating Disorders
Eating Disorders,8970,8970,Eating Disorders
"elbow condition, bilateral",2250,8993,Musculoskeletal - Elbow
"elbow condition, left",2260,8993,Musculoskeletal - Elbow
"elbow condition, right",2270,8993,Musculoskeletal - Elbow
elbow sprain,2280,8993,Musculoskeletal - Elbow
elbow strain,2290,8993,Musculoskeletal - Elbow
"embolism, brain",2310,8972,Embolism/Infarction - Neurological other System
Embolism/Infarction - Heart/Veins/Arteries,8971,8971,Embolism/Infarction - Heart/Veins/Arteries
Embolism/Infarction - Neurological other System,8972,8972,Embolism/Infarction - Neurological other System
emphysema,2320,9012,Respiratory
"encephalitis, lethargica residuals",2330,9007,Neurological other System
endocarditis,2340,8979,Heart/Veins/Arteries
Endocrine,8973,8973,Endocrine
endometriosis,2360,8978,Gynecological
enucleation,2380,8974,Eye (Vision)
epilepsy,2400,9007,Neurological other System
erythematosus lupus,2420,8986,"Infectious Diseases, Immune Disorders & Nutritional Deficiencies"
esophageal condition,2430,8968,Digestive
Eye (Vision),8974,8974,Eye (Vision)
"eye condition, bilateral",2440,8974,Eye (Vision)
"eye condition, left",2450,8974,Eye (Vision)
"eye condition, right",2460,8974,Eye (Vision)
eye disease,2470,8974,Eye (Vision)
"fallen arches, bilateral",2490,8994,Musculoskeletal - Foot
fibromyalgia,2540,9007,Neurological other System
"fibrosis, interstitial pulmonary",2570,9012,Respiratory
filariasis,8876,8986,"Infectious Diseases, Immune Disorders & Nutritional Deficiencies"
filariasis,2580,8986,"Infectious Diseases, Immune Disorders & Nutritional Deficiencies"
"flatfoot, bilateral",2600,8994,Musculoskeletal - Foot
"flatfoot, left",2610,8994,Musculoskeletal - Foot
"flatfoot, right",2620,8994,Musculoskeletal - Foot
"foot condition, bilateral",2650,8994,Musculoskeletal - Foot
"foot condition, left",2660,8994,Musculoskeletal - Foot
"foot condition, right",2670,8994,Musculoskeletal - Foot
foot pain,2680,8994,Musculoskeletal - Foot
gallstone(s),2770,8968,Digestive
gastritis,2790,8968,Digestive
gastroenteritis,2800,8968,Digestive
gastrointestinal problems,2810,8968,Digestive
Genitourinary,8975,8975,Genitourinary
GERD,2850,8968,Digestive
"glaucoma, bilateral",2870,8974,Eye (Vision)
"glaucoma, left",2880,8974,Eye (Vision)
"glaucoma, right",2890,8974,Eye (Vision)
glomerulonephritis,2900,8975,Genitourinary
grand mal epilepsy,3010,9007,Neurological other System
Gulf War Undiagnosed Illness,8977,8977,Gulf War Undiagnosed Illness
Gulf War Unexplained Chronic Multi-Symptom Illness,8976,8976,Gulf War Unexplained Chronic Multi-Symptom Illness
"gums, sore",3050,8967,Dental and Oral
Gynecological,8978,8978,Gynecological
"hand condition, bilateral",3080,8995,Musculoskeletal - Hand
"hand condition, left",3090,8995,Musculoskeletal - Hand
"hand condition, right",3100,8995,Musculoskeletal - Hand
Hansen's disease,3110,8986,"Infectious Diseases, Immune Disorders & Nutritional Deficiencies"
headaches,3130,9007,Neurological other System
Hearing Loss,3140,3140,Hearing Loss
"hearing loss, sensorineural",3150,3140,Hearing Loss
heart condition,3170,8979,Heart/Veins/Arteries
heart disease,3180,8979,Heart/Veins/Arteries
heart failure,3190,8979,Heart/Veins/Arteries
Heart/Veins/Arteries,8979,8979,Heart/Veins/Arteries
helminthiasis,3210,8986,"Infectious Diseases, Immune Disorders & Nutritional Deficiencies"
Helpless Child,8980,8980,Helpless Child
Hemic and Lymphatic,8981,8981,Hemic and Lymphatic
Hemorrhage - Eye (Vision),8982,8982,Hemorrhage - Eye (Vision)
Hemorrhage - Neurological other System,8983,8983,Hemorrhage - Neurological other System
hemorrhoids,3260,8968,Digestive
hepatitis C,7300,8968,Digestive
hepatocarcinoma,3280,8932,Cancer - Digestive
hepatoma,3290,8932,Cancer - Digestive
"hernia, femoral",3310,8968,Digestive
"hernia, hiatal",3320,8968,Digestive
"hernia, inguinal",3330,8968,Digestive
"hernia, ventral",3350,8968,Digestive
Herpes - Eye (Vision),8984,8974,Eye (Vision)
high blood pressure,3370,8979,Heart/Veins/Arteries
"hip condition, bilateral",3380,8996,Musculoskeletal - Hip
"hip condition, left",3390,8996,Musculoskeletal - Hip
"hip condition, right",3400,8996,Musculoskeletal - Hip
hip replacement,8919,8996,Musculoskeletal - Hip
HIV,3410,8986,"Infectious Diseases, Immune Disorders & Nutritional Deficiencies"
Hodgkin's disease,3420,8939,Cancer - Hemic and Lymphatic
human immunodeficiency virus,3430,8986,"Infectious Diseases, Immune Disorders & Nutritional Deficiencies"
hypertension,3460,8979,Heart/Veins/Arteries
hyperthyroidism,3470,8973,Endocrine
hypothyroidism,3480,8973,Endocrine
hysterectomy,3500,8978,Gynecological
"Infectious Diseases, Immune Disorders & Nutritional Deficiencies",8986,8986,"Infectious Diseases, Immune Disorders & Nutritional Deficiencies"
iritis,3560,8974,Eye (Vision)
irritable bowel syndrome,3570,8968,Digestive
irritable colon,3580,8968,Digestive
jaw condition,3590,8967,Dental and Oral
kala-azar,3620,8986,"Infectious Diseases, Immune Disorders & Nutritional Deficiencies"
keratitis,3630,8974,Eye (Vision)
kidney disease,3640,8975,Genitourinary
kidney failure,3650,8975,Genitourinary
kidney stone(s),3660,8975,Genitourinary
kidney transplant,3670,8975,Genitourinary
"kidney, removal of",3680,8975,Genitourinary
"knee condition, bilateral",3690,8997,Musculoskeletal - Knee
"knee condition, left",3700,8997,Musculoskeletal - Knee
"knee condition, right",3710,8997,Musculoskeletal - Knee
knee replacement,8918,8997,Musculoskeletal - Knee
knee sprain,3720,8997,Musculoskeletal - Knee
knee strain,3730,8997,Musculoskeletal - Knee
labyrinthitis,3740,8969,Ear Disease and Other Sense Organs
laryngectomy,3750,9012,Respiratory
Leg Condition - Heart/Veins/Arteries,8987,8987,Leg Condition - Heart/Veins/Arteries
Leg Condition - Neurological other System,8988,8988,Leg Condition - Neurological other System
leprosy,3820,8986,"Infectious Diseases, Immune Disorders & Nutritional Deficiencies"
leukemia,3830,8939,Cancer - Hemic and Lymphatic
leukosarcoma,3840,8939,Cancer - Hemic and Lymphatic
liver condition,3850,8968,Digestive
loiasis,3860,8986,"Infectious Diseases, Immune Disorders & Nutritional Deficiencies"
loose teeth,3870,8967,Dental and Oral
Lou Gehrig's disease,3890,9007,Neurological other System
low back sprain,3910,8998,Musculoskeletal - Mid/Lower Back (Thoracolumbar Spine)
low back strain,3920,8998,Musculoskeletal - Mid/Lower Back (Thoracolumbar Spine)
lumbar strain,3940,8998,Musculoskeletal - Mid/Lower Back (Thoracolumbar Spine)
lung condition,3950,9012,Respiratory
"lupus, discoid",3970,8986,"Infectious Diseases, Immune Disorders & Nutritional Deficiencies"
"lupus, systemic",3990,8986,"Infectious Diseases, Immune Disorders & Nutritional Deficiencies"
Lyme disease,4000,8986,"Infectious Diseases, Immune Disorders & Nutritional Deficiencies"
lymphogranulomatosis,4010,8939,Cancer - Hemic and Lymphatic
Lymphoma - except Hodgkin's disease,4020,8939,Cancer - Hemic and Lymphatic
lymphomas,4030,8939,Cancer - Hemic and Lymphatic
lymphosarcoma,4040,8939,Cancer - Hemic and Lymphatic
major depression,4050,8989,Mental Disorders
malaria,4060,8986,"Infectious Diseases, Immune Disorders & Nutritional Deficiencies"
manic-depressive reaction,4120,8989,Mental Disorders
mastoiditis,4130,8969,Ear Disease and Other Sense Organs
meniere's disease,4210,8969,Ear Disease and Other Sense Organs
menstrual disorders,4220,8978,Gynecological
mental disease,4230,8989,Mental Disorders
mental disorder,4240,8989,Mental Disorders
Mental Disorders,8989,8989,Mental Disorders
mesotheliomas of peritoneum,4270,8932,Cancer - Digestive
migraine,4300,9007,Neurological other System
Morton's disease,4310,8994,Musculoskeletal - Foot
multiple sclerosis,4330,9007,Neurological other System
muscle injury,4360,9005,Musculoskeletal and Muscle Injuries
Musculoskeletal - Amputations,8990,8990,Musculoskeletal - Amputations
Musculoskeletal - Ankle,8991,8991,Musculoskeletal - Ankle
Musculoskeletal - Bones,249482,249482,Musculoskeletal - Bones
Musculoskeletal - Elbow,8993,8993,Musculoskeletal - Elbow
Musculoskeletal - Foot,8994,8994,Musculoskeletal - Foot
Musculoskeletal - Hand,8995,8995,Musculoskeletal - Hand
Musculoskeletal - Hip,8996,8996,Musculoskeletal - Hip
Musculoskeletal - Knee,8997,8997,Musculoskeletal - Knee
Musculoskeletal - Mid/Lower Back (Thoracolumbar Spine),8998,8998,Musculoskeletal - Mid/Lower Back (Thoracolumbar Spine)
Musculoskeletal - Neck/Upper Back (Cervical Spine),8999,8999,Musculoskeletal - Neck/Upper Back (Cervical Spine)
Musculoskeletal - Osteomyelitis,9000,9000,Musculoskeletal - Osteomyelitis
Musculoskeletal - Other,9001,9001,Musculoskeletal - Other
Musculoskeletal - Shoulder,9002,9002,Musculoskeletal - Shoulder
Musculoskeletal - Toe Amputations,9003,9003,Musculoskeletal - Toe Amputations
Musculoskeletal - Wrist,9004,9004,Musculoskeletal - Wrist
Musculoskeletal and Muscle Injuries,9005,9005,Musculoskeletal and Muscle Injuries
myasthenia gravis,4390,9007,Neurological other System
myelitis (a spinal cord condition),4410,9007,Neurological other System
myeloma,4420,8939,Cancer - Hemic and Lymphatic
"myeloma, multiple",4430,8939,Cancer - Hemic and Lymphatic
myocarditis,4450,8979,Heart/Veins/Arteries
nephritis,4540,8975,Genitourinary
Neurological - Cranial/Peripheral Nerves,9006,9006,Neurological - Cranial/Peripheral Nerves
Neurological other System,9007,9007,Neurological other System
"neuropathy, peripheral",4640,9006,Neurological - Cranial/Peripheral Nerves
Non-Hodgkin's lymphoma (NHL),4680,8939,Cancer - Hemic and Lymphatic
non-specific digestive complaints,4690,8968,Digestive
non-specific ear condition,4700,8969,Ear Disease and Other Sense Organs
non-specific genitourinary complaints,4710,8975,Genitourinary
non-specific respiratory condition,4760,9012,Respiratory
otitis media,5000,3140,Hearing Loss
otosclerosis,5010,3140,Hearing Loss
"ovary (disease, injury, or adhesions of)",5030,8978,Gynecological
ovary (removal of),5040,8978,Gynecological
palsy,5060,9007,Neurological other System
"palsy, bulbar",5070,9007,Neurological other System
pancreatitis,5080,8968,Digestive
paranoid reaction,5120,8989,Mental Disorders
parathyroid adenoma,5140,8973,Endocrine
Parkinson's disease,5160,9007,Neurological other System
pellagra,5170,8986,"Infectious Diseases, Immune Disorders & Nutritional Deficiencies"
Pension,9008,9008,Pension
Pension - Aid and Attendance/Housebound,9009,9009,Pension - Aid and Attendance/Housebound
peptic ulcer disease,5190,8968,Digestive
pericarditis,5200,8979,Heart/Veins/Arteries
personality disorder,5270,8989,Mental Disorders
petit mal epilepsy,5280,9007,Neurological other System
phobias,5310,8989,Mental Disorders
plague,5330,8986,"Infectious Diseases, Immune Disorders & Nutritional Deficiencies"
plantar fasciitis,5340,8994,Musculoskeletal - Foot
pleurisy,5370,6890,Tuberculosis
pneumonia,5390,9012,Respiratory
posterior subcapsular cataracts,5430,8974,Eye (Vision)
primary anemia,5450,8981,Hemic and Lymphatic
progressive muscular atrophy,5460,9007,Neurological other System
"prostate gland (injuries, infections, hypertrophy)",5470,8975,Genitourinary
psychomotor epilepsy,5490,9007,Neurological other System
psychoses,5510,8989,Mental Disorders
psychosis,5520,8989,Mental Disorders
psychotic depressive reaction,5530,8989,Mental Disorders
psychotic reaction,5540,8989,Mental Disorders
rectal bleeding,5570,8968,Digestive
removal of kidneys,5580,8975,Genitourinary
renal failure,5600,8975,Genitourinary
Respiratory,9012,9012,Respiratory
Respiratory complaints,5610,9012,Respiratory
retina (detachment of),5630,8974,Eye (Vision)
"retina (scars, atrophy, or irregularities of)",5640,8974,Eye (Vision)
retinitis,5650,8974,Eye (Vision)
rheumatic fever,5660,8986,"Infectious Diseases, Immune Disorders & Nutritional Deficiencies"
rheumatism,5680,8992,Musculoskeletal - Arthritis
rhinitis,5690,9012,Respiratory
ringing in ears,5710,3140,Hearing Loss
salpingitis,5730,8978,Gynecological
sarcoidosis,5740,9012,Respiratory
scapula,6120,9002,Musculoskeletal - Shoulder
Scars (Extremities and Trunk),9013,9013,Scars (Extremities and Trunk)
"Scars (Head, Face, Or Neck)",9014,9014,"Scars (Head, Face, Or Neck)"
schistosomiasis,6160,8986,"Infectious Diseases, Immune Disorders & Nutritional Deficiencies"
schizophrenia,6170,8989,Mental Disorders
scleritis,6210,8974,Eye (Vision)
Service Connected Death,9015,9015,Service Connected Death
shin splints,6270,8997,Musculoskeletal - Knee
"shoulder condition, bilateral",6290,9002,Musculoskeletal - Shoulder
"shoulder condition, left",6300,9002,Musculoskeletal - Shoulder
"shoulder condition, right",6310,9002,Musculoskeletal - Shoulder
shoulder replacement,6320,9002,Musculoskeletal - Shoulder
shoulder sprain,6330,9002,Musculoskeletal - Shoulder
shoulder strain,6340,9002,Musculoskeletal - Shoulder
sickle cell anemia,6350,8981,Hemic and Lymphatic
signs or symptoms involving respiratory system,6390,9012,Respiratory
sinus condition,6410,9012,Respiratory
sinusitis,6420,9012,Respiratory
Skin,9016,9016,Skin
sleep apnea,6440,9012,Respiratory
"smell, loss of sense of",6460,8969,Ear Disease and Other Sense Organs
Special Monthly Compensation - Aid and Attendance/Housebound,9017,9017,Special Monthly Compensation - Aid and Attendance/Housebound
Special Monthly Compensation - Anatomical Loss/Loss Of Use,9018,9018,Special Monthly Compensation - Anatomical Loss/Loss Of Use
Spina Bifida,9019,9019,Spina Bifida
stomach condition,6510,8968,Digestive
syphilis,6620,8986,"Infectious Diseases, Immune Disorders & Nutritional Deficiencies"
syringomyelia,6630,9007,Neurological other System
systemic lupus,6640,8986,"Infectious Diseases, Immune Disorders & Nutritional Deficiencies"
"taste, loss of sense of",6650,8969,Ear Disease and Other Sense Organs
thrombocytopenia,6780,8981,Hemic and Lymphatic
"thrombosis, brain",6800,8972,Embolism/Infarction - Neurological other System
thyroid condition,6820,8973,Endocrine
tinea pedis,6840,9016,Skin
tinnitus,6850,3140,Hearing Loss
tooth condition,6880,8967,Dental and Oral
Traumatic Brain Injury,9020,9020,Traumatic Brain Injury
Tuberculosis,6890,6890,Tuberculosis
ulcer condition,6970,8968,Digestive
undiagnosed illness as a Gulf War veteran,6980,8977,Gulf War Undiagnosed Illness
Unemployability,6990,6990,Unemployability
"uterus (disease, injury, or adhesions of)",7000,8978,Gynecological
uterus (displacement of),7010,8978,Gynecological
uterus (prolapse),7020,8978,Gynecological
uterus (removal of),7030,8978,Gynecological
uveitis,7040,8974,Eye (Vision)
vaginitis,7060,8978,Gynecological
valvular heart disease,7070,8979,Heart/Veins/Arteries
vision,7110,8974,Eye (Vision)
visually impaired,7120,8974,Eye (Vision)
vulvovaginitis,7150,8978,Gynecological
"Wound, Bullet/Shell Fragment",9021,9021,"Wound, Bullet/Shell Fragment"
"wrist condition, bilateral",7210,9004,Musculoskeletal - Wrist
"wrist condition, left",7220,9004,Musculoskeletal - Wrist
"wrist condition, right",7230,9004,Musculoskeletal - Wrist
wrist sprain,7240,9004,Musculoskeletal - Wrist
wrist strain,7250,9004,Musculoskeletal - Wrist
yellow fever,7270,8986,"Infectious Diseases, Immune Disorders & Nutritional Deficiencies"
Post Traumatic Stress Disorder (PTSD) Combat - Mental Disorders,9010,8989,Mental Disorders
Post Traumatic Stress Disorder (PTSD) Personal Trauma - Mental Disorders,9011,8989,Mental Disorders
PTSD personal trauma,7290,8989,Mental Disorders
