UI Term 1,UI Term 2,UI Term 3,UI Term 4,UI Term 5,UI Term 6,Classification Code,Classification Text
"ACL tear (anterior cruciate ligament tear), right","ACL tear (anterior cruciate ligament tear), left","ACL tear (anterior cruciate ligament tear), bilateral",,,,8997,Musculoskeletal - Knee
acne,,,,,,9016,Skin
adjustment disorder,,,,,,8989,Mental Disorders
agoraphobia,,,,,,8989,Mental Disorders
alopecia,,,,,,9016,Skin
ALS (amyotrophic lateral sclerosis),,,,,,9007,Neurological other System
anal cancer,,,,,,8932,Cancer - Digestive
anal or perianal fistula (fistula-in-ano),,,,,,8968,Digestive
anemia,,,,,,8981,Hemic and Lymphatic
"ankle replacement (ankle arthroplasty), right","ankle replacement (ankle arthroplasty), left","ankle replacement (ankle arthroplasty), bilateral",,,,8991,Musculoskeletal - Ankle
"ankylosis in ankle, right","ankylosis in ankle, left","ankylosis in ankle, bilateral",,,,8991,Musculoskeletal - Ankle
"ankylosis in elbow, right","ankylosis in elbow, left","ankylosis in elbow, bilateral",,,,8993,Musculoskeletal - Elbow
"ankylosis in hand or fingers, right","ankylosis in hand or fingers, left","ankylosis in hand or fingers, bilateral",,,,8995,Musculoskeletal - Hand
"ankylosis in hip, right","ankylosis in hip, left","ankylosis in hip, bilateral",,,,8996,Musculoskeletal - Hip
"ankylosis in knee, right","ankylosis in knee, left","ankylosis in knee, bilateral",,,,8997,Musculoskeletal - Knee
"ankylosis in shoulder, right","ankylosis in shoulder, left","ankylosis in shoulder, bilateral",,,,9002,Musculoskeletal - Shoulder
"ankylosis in wrist, right","ankylosis in wrist, left","ankylosis in wrist, bilateral",,,,9004,Musculoskeletal - Wrist
anorexia (type of eating disorder),,,,,,8970,Eating Disorders
aortic insufficiency (aortic regurgitation),,,,,,8979,Heart/Veins/Arteries
aortic valve disease,,,,,,8979,Heart/Veins/Arteries
arrhythmia (irregular heartbeat),,,,,,8979,Heart/Veins/Arteries
asthma,,,,,,9012,Respiratory
"astragalectomy or talectomy (removal of talus bone in ankle), right","astragalectomy or talectomy (removal of talus bone in ankle), left","astragalectomy or talectomy (removal of talus bone in ankle), bilateral",,,,8991,Musculoskeletal - Ankle
athlete's foot (tinea pedis),,,,,,9016,Skin
atrial fibrillation (A-fib),,,,,,8979,Heart/Veins/Arteries
"basal cell carcinoma of the skin, head or neck","basal cell carcinoma of the skin, extremities or trunk",,,,,1250,Cancer - Skin
bipolar disorder,,,,,,8989,Mental Disorders
bladder cancer,,,,,,8935,Cancer - Genitourinary
bladder stones,,,,,,8975,Genitourinary
"bone cancer, including osteosarcoma, head or neck","bone cancer, including osteosarcoma, extremities or trunk",,,,,8941,Cancer - Musculoskeletal and Muscle Injuries
"Boutonniere deformity in fingers, right","Boutonniere deformity in fingers, left","Boutonniere deformity in fingers, bilateral",,,,8995,Musculoskeletal - Hand
"brain cancer, including glioblastoma",,,,,,8942,Cancer - Neurological other System
"breast cancer, right","breast cancer, left","breast cancer, bilateral",,,,8937,Cancer - Gynecological
bronchiectasis ,,,,,,9012,Respiratory
bulimia (type of eating disorder),,,,,,8970,Eating Disorders
"bunions (hallux valgus), right","bunions (hallux valgus), left","bunions (hallux valgus), bilateral",,,,8994,Musculoskeletal - Foot
"bursitis in ankle, right","bursitis in ankle, left","bursitis in ankle, bilateral",,,,8991,Musculoskeletal - Ankle
"bursitis in elbow, right","bursitis in elbow, left","bursitis in elbow, bilateral",,,,8993,Musculoskeletal - Elbow
"bursitis in foot, right","bursitis in foot, left","bursitis in foot, bilateral",,,,8994,Musculoskeletal - Foot
"bursitis in hand or fingers, right","bursitis in hand or fingers, left","bursitis in hand or fingers, bilateral",,,,8995,Musculoskeletal - Hand
"bursitis in hip, right","bursitis in hip, left","bursitis in hip, bilateral",,,,8996,Musculoskeletal - Hip
"bursitis in knee, right","bursitis in knee, left","bursitis in knee, bilateral",,,,8997,Musculoskeletal - Knee
"bursitis in shoulder, right","bursitis in shoulder, left","bursitis in shoulder, bilateral",,,,9002,Musculoskeletal - Shoulder
"bursitis in wrist, right","bursitis in wrist, left","bursitis in wrist, bilateral",,,,9004,Musculoskeletal - Wrist
"carpal tunnel syndrome, right","carpal tunnel syndrome, left","carpal tunnel syndrome, bilateral",,,,9006,Neurological - Cranial/Peripheral Nerves
cervical cancer,,,,,,8937,Cancer - Gynecological
cervical spinal stenosis (narrowing of spinal canal in neck),,,,,,8999,Musculoskeletal - Neck/Upper Back (Cervical Spine)
chloracne,,,,,,9016,Skin
chronic bronchitis,,,,,,9012,Respiratory
chronic conjunctivitis (pink eye),,,,,,8974,Eye (Vision)
chronic fatigue syndrome,,,,,,8986,"Infectious Diseases, Immune Disorders & Nutritional Deficiencies"
chronic kidney disease (CKD),,,,,,8975,Genitourinary
chronic laryngitis,,,,,,9012,Respiratory
chronic nephritis (inflammation of kidneys),,,,,,8975,Genitourinary
chronic obstructive pulmonary disease (COPD),,,,,,9012,Respiratory
"chronic otitis externa (swimmer's ear), right","chronic otitis externa (swimmer's ear), left","chronic otitis externa (swimmer's ear), bilateral",,,,8969,Ear Disease and Other Sense Organs
"chronic rhinitis, allergic or non-allergic",,,,,,9012,Respiratory
chronic sinusitis,,,,,,9012,Respiratory
"chronic suppurative otitis media (CSOM) or mastoiditis, right","chronic suppurative otitis media (CSOM) or mastoiditis, left","chronic suppurative otitis media (CSOM) or mastoiditis, bilateral",,,,8969,Ear Disease and Other Sense Organs
chronic urticaria (chronic hives),,,,,,9016,Skin
cirrhosis (scarring of liver),,,,,,8968,Digestive
"claw foot (pes cavus), right","claw foot (pes cavus), left","claw foot (pes cavus), bilateral",,,,8994,Musculoskeletal - Foot
colorectal cancer or colon cancer,,,,,,8932,Cancer - Digestive
complete loss of sense of smell (anosmia),,,,,,8969,Ear Disease and Other Sense Organs
complete loss of sense of taste (ageusia),,,,,,8969,Ear Disease and Other Sense Organs
congestive heart failure (CHF),,,,,,8979,Heart/Veins/Arteries
constrictive bronchiolitis (obliterative bronchiolitis),,,,,,9012,Respiratory
coronary artery disease (CAD or arteriosclerotic heart disease),,,,,,8979,Heart/Veins/Arteries
costochondritis,,,,,,9005,Musculoskeletal and Muscle Injuries
Cranial nerve paralysis or cranial neuritis (inflammation of cranial nerves),,,,,,9006,Neurological - Cranial/Peripheral Nerves
cranial neuralgia (cranial nerve pain),,,,,,9006,Neurological - Cranial/Peripheral Nerves
Crohn's disease,,,,,,8968,Digestive
cyclothymic disorder (mild bipolar disorder),,,,,,8989,Mental Disorders
"De Quervain's tenosynovitis (De Quervain's syndrome), right","De Quervain's tenosynovitis (De Quervain's syndrome), left","De Quervain's tenosynovitis (De Quervain's syndrome), bilateral",,,,9004,Musculoskeletal - Wrist
decompression illness,,,,,,8930,Caisson
"deep vein thrombosis (DVT) in leg, right","deep vein thrombosis (DVT) in leg, left","deep vein thrombosis (DVT) in leg, bilateral",,,,8987,Leg Condition - Heart/Veins/Arteries
"degenerative arthritis (osteoarthritis) in ankle, right","degenerative arthritis (osteoarthritis) in ankle, left","degenerative arthritis (osteoarthritis) in ankle, bilateral",,,,8991,Musculoskeletal - Ankle
"degenerative arthritis (osteoarthritis) in elbow, right","degenerative arthritis (osteoarthritis) in elbow, left","degenerative arthritis (osteoarthritis) in elbow, bilateral",,,,8993,Musculoskeletal - Elbow
"degenerative arthritis (osteoarthritis) in foot, right","degenerative arthritis (osteoarthritis) in foot, left","degenerative arthritis (osteoarthritis) in foot, bilateral",,,,8994,Musculoskeletal - Foot
"degenerative arthritis (osteoarthritis) in hand or fingers, right","degenerative arthritis (osteoarthritis) in hand or fingers, left","degenerative arthritis (osteoarthritis) in hand or fingers, bilateral",,,,8995,Musculoskeletal - Hand
"degenerative arthritis (osteoarthritis) in hip, right","degenerative arthritis (osteoarthritis) in hip, left","degenerative arthritis (osteoarthritis) in hip, bilateral",,,,8996,Musculoskeletal - Hip
"degenerative arthritis (osteoarthritis) in knee, right","degenerative arthritis (osteoarthritis) in knee, left","degenerative arthritis (osteoarthritis) in knee, bilateral",,,,8997,Musculoskeletal - Knee
"degenerative arthritis (osteoarthritis) in shoulder, right","degenerative arthritis (osteoarthritis) in shoulder, left","degenerative arthritis (osteoarthritis) in shoulder, bilateral",,,,9002,Musculoskeletal - Shoulder
"degenerative arthritis (osteoarthritis) in wrist, right","degenerative arthritis (osteoarthritis) in wrist, left","degenerative arthritis (osteoarthritis) in wrist, bilateral",,,,9004,Musculoskeletal - Wrist
depression (major depressive disorder),,,,,,8989,Mental Disorders
deviated septum,,,,,,9012,Respiratory
diabetes insipidus,,,,,,8973,Endocrine
"diabetes, type 1 or type 2",,,,,,8973,Endocrine
diabetic nephropathy (diabetic kidney disease),,,,,,8975,Genitourinary
"diabetic peripheral neuropathy, right lower extremities","diabetic peripheral neuropathy, right upper extremities","diabetic peripheral neuropathy, left lower extremities","diabetic peripheral neuropathy, left upper extremities","diabetic peripheral neuropathy, bilateral lower extremities","diabetic peripheral neuropathy, bilateral upper extremities",9006,Neurological - Cranial/Peripheral Nerves
diabetic retinopathy,,,,,,8974,Eye (Vision)
dry eye syndrome,,,,,,8974,Eye (Vision)
"Dupuytren's contracture (abnormal thickening of tissues in palm of hand), right","Dupuytren's contracture (abnormal thickening of tissues in palm of hand), left","Dupuytren's contracture (abnormal thickening of tissues in palm of hand), bilateral",,,,8995,Musculoskeletal - Hand
"dysphagia (difficulty swallowing), associated with neurological disorder",,,,,,9007,Neurological other System
"dysphagia (difficulty swallowing), not associated with neurological disorder",,,,,,8968,Digestive
ear cancer,,,,,,249468,Cancer - Ear Disease and Other Sense Organs
eczema (atopic dermatitis),,,,,,9016,Skin
"elbow replacement (elbow arthroplasty), right","elbow replacement (elbow arthroplasty), left","elbow replacement (elbow arthroplasty), bilateral",,,,8993,Musculoskeletal - Elbow
emphysema,,,,,,9012,Respiratory
endometriosis,,,,,,8978,Gynecological
enlarged prostate (benign prostatic hyperplasia or BPH),,,,,,8975,Genitourinary
epididymitis,,,,,,8975,Genitourinary
epiphora (watery eyes),,,,,,8974,Eye (Vision)
erectile dysfunction (ED),,,,,,8975,Genitourinary
esophageal cancer,,,,,,8932,Cancer - Digestive
esophageal stricture (narrowing of esophagus),,,,,,8968,Digestive
"eye cancer, including melanoma of the eye",,,,,,8934,Cancer - Eye (Vision)
fecal incontinence (loss of bowel control),,,,,,8968,Digestive
female sexual arousal disorder (FSAD),,,,,,8978,Gynecological
femoral hernia (hernia in thigh area),,,,,,8968,Digestive
fibromyalgia,,,,,,9007,Neurological other System
"flatfoot (pes planus), right","flatfoot (pes planus), left","flatfoot (pes planus), bilateral",,,,8994,Musculoskeletal - Foot
"foot fracture (tarsal or metatarsal fracture), right","foot fracture (tarsal or metatarsal fracture), left","foot fracture (tarsal or metatarsal fracture), bilateral",,,,8994,Musculoskeletal - Foot
"frostbite in foot, right","frostbite in foot, left","frostbite in foot, bilateral",,,,8943,Cold Injury Residuals
"frostbite in hand or fingers, right","frostbite in hand or fingers, left","frostbite in hand or fingers, bilateral",,,,8943,Cold Injury Residuals
gallstones (cholelithiasis),,,,,,8968,Digestive
"gamekeeper's thumb, right","gamekeeper's thumb, left","gamekeeper's thumb, bilateral",,,,8995,Musculoskeletal - Hand
"ganglion cyst in hand or fingers, right","ganglion cyst in hand or fingers, left","ganglion cyst in hand or fingers, bilateral",,,,8955,Cyst/Benign Growth - Musculoskeletal - Hand
"ganglion cyst in wrist, right","ganglion cyst in wrist, left","ganglion cyst in wrist, bilateral",,,,8962,Cyst/Benign Growth - Musculoskeletal - Wrist
generalized anxiety disorder (GAD),,,,,,8989,Mental Disorders
GERD (gastroesophageal reflux disease),,,,,,8968,Digestive
glaucoma,,,,,,8974,Eye (Vision)
"golfer's elbow (medial epicondylitis), right","golfer's elbow (medial epicondylitis), left","golfer's elbow (medial epicondylitis), bilateral",,,,8993,Musculoskeletal - Elbow
gonococcal arthritis,,,,,,8992,Musculoskeletal - Arthritis
"gout in foot, right","gout in foot, left","gout in foot, bilateral",,,,8994,Musculoskeletal - Foot
"gout in wrist, right","gout in wrist, left","gout in wrist, bilateral",,,,9004,Musculoskeletal - Wrist
granulomatous disease,,,,,,9012,Respiratory
"greater trochanteric pain syndrome (lateral hip pain), right","greater trochanteric pain syndrome (lateral hip pain), left","greater trochanteric pain syndrome (lateral hip pain), bilateral",,,,8996,Musculoskeletal - Hip
"hallux rigidus (big toe arthritis), bilateral","hallux rigidus (big toe arthritis), left","hallux rigidus (big toe arthritis), right",,,,8994,Musculoskeletal - Foot
"hammer toe, right","hammer toe, left","hammer toe, bilateral",,,,8994,Musculoskeletal - Foot
Hansen's disease (leprosy),,,,,,8986,"Infectious Diseases, Immune Disorders & Nutritional Deficiencies"
"hearing loss, other than tinnitus",,,,,,3140,Hearing Loss
heart attack (myocardial infarction),,,,,,8971,Embolism/Infarction - Heart/Veins/Arteries
heart bypass surgery (coronary artery bypass graft),,,,,,8979,Heart/Veins/Arteries
hemorrhoids,,,,,,8968,Digestive
hepatitis B,,,,,,8968,Digestive
hepatitis C,,,,,,8968,Digestive
herpes (herpes simplex virus or HSV),,,,,,9016,Skin
hiatal hernia,,,,,,8968,Digestive
"hip impingement (femoroacetabular impingement or FAI), right","hip impingement (femoroacetabular impingement or FAI), left","hip impingement (femoroacetabular impingement or FAI), bilateral",,,,8996,Musculoskeletal - Hip
"hip replacement (hip arthroplasty), right","hip replacement (hip arthroplasty), left","hip replacement (hip arthroplasty), bilateral",,,,8996,Musculoskeletal - Hip
"hip sprain, right","hip sprain, left","hip sprain, bilateral",,,,8996,Musculoskeletal - Hip
HIV-related illness,,,,,,8986,"Infectious Diseases, Immune Disorders & Nutritional Deficiencies"
Hodgkin lymphoma,,,,,,8939,Cancer - Hemic and Lymphatic
"hydrocele, right",,,,,,8975,Genitourinary
hyperhidrosis (excessive sweating),,,,,,9016,Skin
hypertension (high blood pressure),,,,,,8979,Heart/Veins/Arteries
hyperthyroidism (overactive thyroid),,,,,,8973,Endocrine
hypopharyngeal cancer,,,,,,8931,Cancer - Dental and Oral
hypothyroidism (underactive thyroid),,,,,,8973,Endocrine
hysterectomy (removal of uterus),,,,,,8978,Gynecological
hysterectomy and ovariectomy (removal of uterus and both ovaries),,,,,,8978,Gynecological
illness anxiety disorder (hypochondria),,,,,,8989,Mental Disorders
"immersion foot, right","immersion foot, left","immersion foot, bilateral",,,,8943,Cold Injury Residuals
inguinal hernia (hernia in groin),,,,,,8968,Digestive
"interstitial lung disease (ILD), including asbestosis",,,,,,9012,Respiratory
"intervertebral disc syndrome (IVDS), back",,,,,,8998,Musculoskeletal - Mid/Lower Back (Thoracolumbar Spine)
"intervertebral disc syndrome (IVDS), neck",,,,,,8999,Musculoskeletal - Neck/Upper Back (Cervical Spine)
iron deficiency anemia,,,,,,8981,Hemic and Lymphatic
irritable bowel syndrome (IBS),,,,,,8968,Digestive
jaw cancer,,,,,,8931,Cancer - Dental and Oral
keratinization skin disorders,,,,,,9016,Skin
kidney cancer (renal cancer),,,,,,8935,Cancer - Genitourinary
"kidney cancer (renal cancer), right","kidney cancer (renal cancer), left","kidney cancer (renal cancer), bilateral",,,,8935,Cancer - Genitourinary
kidney removal (nephrectomy),,,,,,8975,Genitourinary
kidney stones (nephrolithiasis),,,,,,8975,Genitourinary
kidney transplant,,,,,,8975,Genitourinary
"knee hyperextension (genu recurvatum), right","knee hyperextension (genu recurvatum), left","knee hyperextension (genu recurvatum), bilateral",,,,8997,Musculoskeletal - Knee
"knee instability, right","knee instability, left","knee instability, bilateral",,,,8997,Musculoskeletal - Knee
"knee or patellar dislocation, right","knee or patellar dislocation, left","knee or patellar dislocation, bilateral",,,,8997,Musculoskeletal - Knee
"knee or patellar fracture, right","knee or patellar fracture, left","knee or patellar fracture, bilateral",,,,8997,Musculoskeletal - Knee
"knee replacement (knee arthroplasty), right","knee replacement (knee arthroplasty), left","knee replacement (knee arthroplasty), bilateral",,,,8997,Musculoskeletal - Knee
"knee strain or sprain, right","knee strain or sprain, left","knee strain or sprain, bilateral",,,,8997,Musculoskeletal - Knee
"labyrinthitis (type of inner ear infection), right","labyrinthitis (type of inner ear infection), left","labyrinthitis (type of inner ear infection), bilateral",,,,8969,Ear Disease and Other Sense Organs
laryngeal cancer (cancer of larynx),,,,,,1230,Cancer - Respiratory
leukemia,,,,,,8939,Cancer - Hemic and Lymphatic
"liver cancer, including hepatocellular carcinoma (HCC)",,,,,,8932,Cancer - Digestive
loss of both eyes,,,,,,8974,Eye (Vision)
loss of teeth due to bone loss,,,,,,8967,Dental and Oral
lower back sprain (lumbosacral sprain),,,,,,8998,Musculoskeletal - Mid/Lower Back (Thoracolumbar Spine)
lower back strain (lumbosacral strain),,,,,,8998,Musculoskeletal - Mid/Lower Back (Thoracolumbar Spine)
lumbar spinal stenosis (narrowing of spinal canal in lower back),,,,,,8998,Musculoskeletal - Mid/Lower Back (Thoracolumbar Spine)
lung cancer,,,,,,1230,Cancer - Respiratory
lupus,,,,,,8986,"Infectious Diseases, Immune Disorders & Nutritional Deficiencies"
lymphatic filariasis,,,,,,8986,"Infectious Diseases, Immune Disorders & Nutritional Deficiencies"
malaria,,,,,,8986,"Infectious Diseases, Immune Disorders & Nutritional Deficiencies"
malignant tumor in spinal cord,,,,,,8942,Cancer - Neurological other System
"mallet finger, right","mallet finger, left","mallet finger, bilateral",,,,8995,Musculoskeletal - Hand
melanoma of the skin,,,,,,1250,Cancer - Skin
Meniere's disease,,,,,,8969,Ear Disease and Other Sense Organs
"meniscectomy (removal of meniscus), right","meniscectomy (removal of meniscus), left","meniscectomy (removal of meniscus), bilateral",,,,8997,Musculoskeletal - Knee
"meniscus tear, right","meniscus tear, left","meniscus tear, bilateral",,,,8997,Musculoskeletal - Knee
"metatarsalgia (pain in ball of foot), right","metatarsalgia (pain in ball of foot), left","metatarsalgia (pain in ball of foot), bilateral",,,,8994,Musculoskeletal - Foot
middle back sprain (thoracic sprain),,,,,,8998,Musculoskeletal - Mid/Lower Back (Thoracolumbar Spine)
middle back strain (thoracic strain),,,,,,8998,Musculoskeletal - Mid/Lower Back (Thoracolumbar Spine)
migraines (headaches),,,,,,9007,Neurological other System
mitral regurgitation,,,,,,8979,Heart/Veins/Arteries
mitral valve prolapse (Barlow syndrome),,,,,,8979,Heart/Veins/Arteries
"Morton's neuroma, right","Morton's neuroma, left","Morton's neuroma, bilateral",,,,8994,Musculoskeletal - Foot
"multiple myeloma, head or neck","multiple myeloma, extremities or trunk",,,,,8939,Cancer - Hemic and Lymphatic
multiple sclerosis (MS),,,,,,9007,Neurological other System
muscle hernia,,,,,,9005,Musculoskeletal and Muscle Injuries
myasthenia gravis,,,,,,9007,Neurological other System
nasopharyngeal cancer,,,,,,1230,Cancer - Respiratory
neck sprain (cervical sprain),,,,,,8999,Musculoskeletal - Neck/Upper Back (Cervical Spine)
neck strain (cervical strain),,,,,,8999,Musculoskeletal - Neck/Upper Back (Cervical Spine)
"nerve-related soft-tissue sarcoma, head or neck","nerve-related soft-tissue sarcoma, extremities or trunk",,,,,8942,Cancer - Neurological other System
neurogenic bladder,,,,,,8975,Genitourinary
"non-diabetic peripheral neuropathy, right lower extremities","non-diabetic peripheral neuropathy, right upper extremities","non-diabetic peripheral neuropathy, left lower extremities","non-diabetic peripheral neuropathy, left upper extremities","non-diabetic peripheral neuropathy, bilateral lower extremities","non-diabetic peripheral neuropathy, bilateral upper extremities",9006,Neurological - Cranial/Peripheral Nerves
non-Hodgkin lymphoma,,,,,,8939,Cancer - Hemic and Lymphatic
obsessive compulsive disorder (OCD),,,,,,8989,Mental Disorders
oral cavity squamous cell carcinoma,,,,,,8931,Cancer - Dental and Oral
orchitis (inflammation of testicles),,,,,,8975,Genitourinary
oropharyngeal cancer,,,,,,1230,Cancer - Respiratory
osteomyelitis,,,,,,9000,Musculoskeletal - Osteomyelitis
"otitis media (middle ear infection), right","otitis media (middle ear infection), left","otitis media (middle ear infection), bilateral",,,,8969,Ear Disease and Other Sense Organs
ovarian adhesions,,,,,,8921,Adhesions - Gynecological
"ovarian cancer, right","ovarian cancer, left","ovarian cancer, bilateral",,,,8937,Cancer - Gynecological
ovarian cysts,,,,,,8951,Cyst/Benign Growth - Gynecological
ovariectomy (removal of one or both ovaries),,,,,,8978,Gynecological
pancreatic cancer,,,,,,8932,Cancer - Digestive
panic disorder,,,,,,8989,Mental Disorders
paranasal sinus and nasal cavity cancer,,,,,,8931,Cancer - Dental and Oral
Parkinson's disease,,,,,,9007,Neurological other System
"patellar or quadriceps tendon rupture, right","patellar or quadriceps tendon rupture, left","patellar or quadriceps tendon rupture, bilateral",,,,8997,Musculoskeletal - Knee
"patellofemoral pain syndrome, right","patellofemoral pain syndrome, left","patellofemoral pain syndrome, bilateral",,,,8997,Musculoskeletal - Knee
"PCL tear (posterior cruciate ligament tear), right","PCL tear (posterior cruciate ligament tear), left","PCL tear (posterior cruciate ligament tear), bilateral",,,,8997,Musculoskeletal - Knee
penile cancer,,,,,,8935,Cancer - Genitourinary
"perforated eardrum (perforated tympanic membrane), right","perforated eardrum (perforated tympanic membrane), left","perforated eardrum (perforated tympanic membrane), bilateral",,,,8969,Ear Disease and Other Sense Organs
persistent depressive disorder (dysthymic disorder),,,,,,8989,Mental Disorders
pharyngeal cancer (throat cancer) ,,,,,,1230,Cancer - Respiratory
"plantar fasciitis, left","plantar fasciitis, right","plantar fasciitis, bilateral",,,,8994,Musculoskeletal - Foot
"plantar warts (foot warts), right","plantar warts (foot warts), left","plantar warts (foot warts), bilateral",,,,9016,Skin
pleurisy (pleuritis) ,,,,,,9012,Respiratory
pneumococcal arthritis,,,,,,8992,Musculoskeletal - Arthritis
polycystic ovary syndrome (PCOS),,,,,,8978,Gynecological
"post-traumatic arthritis in ankle, right","post-traumatic arthritis in ankle, left","post-traumatic arthritis in ankle, bilateral",,,,8991,Musculoskeletal - Ankle
"post-traumatic arthritis in elbow, right","post-traumatic arthritis in elbow, left","post-traumatic arthritis in elbow, bilateral",,,,8993,Musculoskeletal - Elbow
"post-traumatic arthritis in foot, right","post-traumatic arthritis in foot, left","post-traumatic arthritis in foot, bilateral",,,,8994,Musculoskeletal - Foot
"post-traumatic arthritis in hand or fingers, right","post-traumatic arthritis in hand or fingers, left","post-traumatic arthritis in hand or fingers, bilateral",,,,8995,Musculoskeletal - Hand
"post-traumatic arthritis in hip, right","post-traumatic arthritis in hip, left","post-traumatic arthritis in hip, bilateral",,,,8996,Musculoskeletal - Hip
"post-traumatic arthritis in knee, right","post-traumatic arthritis in knee, left","post-traumatic arthritis in knee, bilateral",,,,8997,Musculoskeletal - Knee
"post-traumatic arthritis in shoulder, right","post-traumatic arthritis in shoulder, left","post-traumatic arthritis in shoulder, bilateral",,,,9002,Musculoskeletal - Shoulder
"post-traumatic arthritis in wrist, right","post-traumatic arthritis in wrist, left","post-traumatic arthritis in wrist, bilateral",,,,9004,Musculoskeletal - Wrist
poststreptococcal arthritis,,,,,,8992,Musculoskeletal - Arthritis
premature ventricular contractions,,,,,,8979,Heart/Veins/Arteries
proctitis (inflammation of rectum),,,,,,8968,Digestive
prostate cancer,,,,,,8935,Cancer - Genitourinary
prostatitis (inflammation of prostate),,,,,,8975,Genitourinary
"pseudofolliculitis barbae (razor bumps, shave bumps, or ingrown hairs)",,,,,,9016,Skin
psoriasis,,,,,,9016,Skin
"PTSD (post-traumatic stress disorder), combat-related",,,,,,9010,Post Traumatic Stress Disorder (PTSD) Combat - Mental Disorders
"PTSD (post-traumatic stress disorder), non-combat-related",,,,,,9011,Post Traumatic Stress Disorder (PTSD) Personal Trauma - Mental Disorders
pulmonary fibrosis,,,,,,9012,Respiratory
pulmonary granuloma (lung nodule)  ,,,,,,8965,Cyst/Benign Growth - Respiratory
"radiculopathy, right lower extremities","radiculopathy, left lower extremities","radiculopathy, bilateral lower extremities",,,,8998,Musculoskeletal - Mid/Lower Back (Thoracolumbar Spine)
"radiculopathy, right upper extremities","radiculopathy, left upper extremities","radiculopathy, bilateral upper extremities",,,,8999,Musculoskeletal - Neck/Upper Back (Cervical Spine)
Raynaud's disease,,,,,,8979,Heart/Veins/Arteries
rheumatoid arthritis,,,,,,8992,Musculoskeletal - Arthritis
"rib fracture, right","rib fracture, left","rib fracture, bilateral",,,,9005,Musculoskeletal and Muscle Injuries
rib removal,,,,,,249482,Musculoskeletal - Bones
right ventricular hypertrophy (RVH),left ventricular hypertrophy (LVH),biventricular hypertrophy,,,,8979,Heart/Veins/Arteries
ringworm (dermatophytosis),,,,,,9016,Skin
"rotator cuff tear, right","rotator cuff tear, left","rotator cuff tear, bilateral",,,,9002,Musculoskeletal - Shoulder
salivary gland cancer,,,,,,8931,Cancer - Dental and Oral
sarcoidosis,,,,,,9012,Respiratory
"scars, extremities or trunk",,,,,,9013,Scars (Extremities and Trunk)
"scars, head, face or neck",,,,,,9014,"Scars (Head, Face, Or Neck)"
schizophrenia,,,,,,8989,Mental Disorders
"shin splints, right","shin splints, left","shin splints, bilateral",,,,8997,Musculoskeletal - Knee
"shoulder dislocation, right","shoulder dislocation, left","shoulder dislocation, bilateral",,,,9002,Musculoskeletal - Shoulder
"shoulder impingement syndrome, right","shoulder impingement syndrome, left","shoulder impingement syndrome, bilateral",,,,9002,Musculoskeletal - Shoulder
"shoulder replacement (shoulder arthroplasty), right","shoulder replacement (shoulder arthroplasty), left","shoulder replacement (shoulder arthroplasty), bilateral",,,,9002,Musculoskeletal - Shoulder
"shoulder strain, right","shoulder strain, left","shoulder strain, bilateral",,,,9002,Musculoskeletal - Shoulder
sickle cell anemia,,,,,,8981,Hemic and Lymphatic
"SLAP tear (superior labral anterior to posterior tear), right","SLAP tear (superior labral anterior to posterior), left","SLAP tear (superior labral anterior to posterior tear), bilateral",,,,9002,Musculoskeletal - Shoulder
sleep apnea,,,,,,9012,Respiratory
small intestine cancer,,,,,,8932,Cancer - Digestive
"soft-tissue sarcoma of muscle, fat, or fibrous connective tissue, head or neck","soft-tissue sarcoma of muscle, fat, or fibrous connective tissue, extremities or trunk",,,,,8941,Cancer - Musculoskeletal and Muscle Injuries
somatic symptom disorder (SSD),,,,,,8989,Mental Disorders
"spinal arthritis, back",,,,,,8998,Musculoskeletal - Mid/Lower Back (Thoracolumbar Spine)
"spinal arthritis, neck",,,,,,8999,Musculoskeletal - Neck/Upper Back (Cervical Spine)
"spondylolisthesis, back",,,,,,8998,Musculoskeletal - Mid/Lower Back (Thoracolumbar Spine)
"spondylolisthesis, neck",,,,,,8999,Musculoskeletal - Neck/Upper Back (Cervical Spine)
"squamous cell carcinoma of the skin, head or neck ","squamous cell carcinoma of the skin, extremities or trunk",,,,,1250,Cancer - Skin
stomach cancer,,,,,,8932,Cancer - Digestive
"stress fracture in leg, right","stress fracture in leg, left","stress fracture in leg, bilateral",,,,8997,Musculoskeletal - Knee
syphilitic arthritis,,,,,,8992,Musculoskeletal - Arthritis
tachycardia,,,,,,8979,Heart/Veins/Arteries
tailbone (coccyx) removal,,,,,,249482,Musculoskeletal - Bones
"temporomandibular disorder, including TMJ",,,,,,249481,Dental and Oral - Musculoskeletal
"tendinosis in hand or fingers, right","tendinosis in hand or fingers, left","tendinosis in hand or fingers, bilateral",,,,8995,Musculoskeletal - Hand
"tendonitis (tendinitis) in ankle, right","tendonitis (tendinitis) in ankle, left","tendonitis (tendinitis) in ankle, bilateral",,,,8991,Musculoskeletal - Ankle
"tendonitis (tendinitis) in elbow, right","tendonitis (tendinitis) in elbow, left","tendonitis (tendinitis) in elbow, bilateral",,,,8993,Musculoskeletal - Elbow
"tendonitis (tendinitis) in foot, right","tendonitis (tendinitis) in foot, left","tendonitis (tendinitis) in foot, bilateral",,,,8994,Musculoskeletal - Foot
"tendonitis (tendinitis) in hand or fingers, right","tendonitis (tendinitis) in hand or fingers, left","tendonitis (tendinitis) in hand or fingers, bilateral",,,,8995,Musculoskeletal - Hand
"tendonitis (tendinitis) in hip, right","tendonitis (tendinitis) in hip, left","tendonitis (tendinitis) in hip, bilateral",,,,8996,Musculoskeletal - Hip
"tendonitis (tendinitis) in knee, right","tendonitis (tendinitis) in knee, left","tendonitis (tendinitis) in knee, bilateral",,,,8997,Musculoskeletal - Knee
"tendonitis (tendinitis) in shoulder, right","tendonitis (tendinitis) in shoulder, left","tendonitis (tendinitis) in shoulder, bilateral",,,,9002,Musculoskeletal - Shoulder
"tendonitis (tendinitis) in wrist, right","tendonitis (tendinitis) in wrist, left","tendonitis (tendinitis) in wrist, bilateral",,,,9004,Musculoskeletal - Wrist
"tennis elbow (lateral epicondylitis), right","tennis elbow (lateral epicondylitis), left","tennis elbow (lateral epicondylitis), bilateral",,,,8993,Musculoskeletal - Elbow
"tenosynovitis in hand or fingers, right","tenosynovitis in hand or fingers, left","tenosynovitis in hand or fingers, bilateral",,,,8995,Musculoskeletal - Hand
"tenosynovitis in wrist, right","tenosynovitis in wrist, left","tenosynovitis in wrist, bilateral",,,,9004,Musculoskeletal - Wrist
testicular cancer,,,,,,8935,Cancer - Genitourinary
"testicular cancer, right","testicular cancer, left","testicular cancer, bilateral",,,,8935,Cancer - Genitourinary
thyroid cancer,,,,,,8933,Cancer - Endocrine
"tibia or fibula fracture, right","tibia or fibula fracture, left","tibia or fibula fracture, bilateral",,,,8997,Musculoskeletal - Knee
Tietze syndrome,,,,,,9005,Musculoskeletal and Muscle Injuries
tinnitus (ringing or hissing in ears),,,,,,3140,Hearing Loss
tongue cancer,,,,,,8931,Cancer - Dental and Oral
trachea cancer (cancer of windpipe),,,,,,1230,Cancer - Respiratory
traumatic brain injury (TBI),,,,,,9020,Traumatic Brain Injury
"trigger finger, right","trigger finger, left","trigger finger, bilateral",,,,8995,Musculoskeletal - Hand
typhoid arthritis,,,,,,8992,Musculoskeletal - Arthritis
ulcerative colitis,,,,,,8968,Digestive
ureteral cancer (ureter cancer),,,,,,8935,Cancer - Genitourinary
urethritis,,,,,,8975,Genitourinary
urinary incontinence (loss of bladder control),,,,,,8975,Genitourinary
urticaria (hives),,,,,,9016,Skin
uterine cancer,,,,,,8937,Cancer - Gynecological
vaginal cancer,,,,,,8937,Cancer - Gynecological
"varicocele, right","varicocele, left","varicocele, bilateral",,,,8975,Genitourinary
varicose veins in leg,,,,,,8987,Leg Condition - Heart/Veins/Arteries
"varicose veins, other than in leg",,,,,,8979,Heart/Veins/Arteries
"vascular soft-tissue sarcoma, including angiosarcoma, head or neck ","vascular soft-tissue sarcoma, including angiosarcoma, extremities or trunk",,,,,8938,Cancer - Heart/Veins/Arteries
ventral hernia (hernia in abdomen),,,,,,8968,Digestive
"visual impairment, including blurry vision, blindness and double vision",,,,,,8974,Eye (Vision)
vitiligo,,,,,,9016,Skin
vulvar cancer,,,,,,8937,Cancer - Gynecological
"weak foot, bilateral",,,,,,8994,Musculoskeletal - Foot
Wolff-Parkinson-White syndrome,,,,,,8979,Heart/Veins/Arteries
"wrist fracture, right","wrist fracture, left","wrist fracture, bilateral",,,,9004,Musculoskeletal - Wrist
"wrist replacement (wrist arthroplasty), right","wrist replacement (wrist arthroplasty), left","wrist replacement (wrist arthroplasty), bilateral",,,,9004,Musculoskeletal - Wrist
"wrist sprain, right","wrist sprain, left","wrist sprain, bilateral",,,,9004,Musculoskeletal - Wrist
