UI Term 1,UI Term 2,UI Term 3,UI Term 4,UI Term 5,UI Term 6,Diagnostic Code(s),DC Generic Name or DC Group,Classification Code,Classification Text,DBQ (reference only),,Notes,DC to CC Match,lookup by DC code,lookup by DC name,,,,,lookup CC
"hearing loss, other than tinnitus",,,,,,6100,"hearing loss, other than tinnitus",3140,Hearing Loss,DBQ AUDIO Hearing Loss and Tinnitus,,,yes,6100,hearing loss,No Match,No Match,No Match,No Match,3140
tinnitus (ringing or hissing in ears),,,,,,6260,tinnitus,3140,Hearing Loss,DBQ AUDIO Hearing Loss and Tinnitus,,,yes,6260,tinnitus,No Match,No Match,No Match,No Match,3140
varicose veins in leg,,,,,,7120,varicose veins,8979,Heart/Veins/Arteries,DBQ CARDIO Artery & Veins,,missing DC mapping,no,7120,varicose veins,No Match,No Match,No Match,No Match,
"varicose veins, other than in leg",,,,,,7120,varicose veins,8979,Heart/Veins/Arteries,DBQ CARDIO Artery & Veins,,missing DC mapping,no,No Match,No Match,7120,varicose veins,No Match,No Match,
"deep vein thrombosis (DVT) in leg, right","deep vein thrombosis (DVT) in leg, left","deep vein thrombosis (DVT) in legs, bilateral",,,,7121,post-phlebitic syndrome,8979,Heart/Veins/Arteries,DBQ CARDIO Artery & Veins,,missing DC mapping,no,7121,post-phlebitic syndrome,No Match,No Match,No Match,No Match,
Raynaud's disease,,,,,,7124,Raynaud's disease (primary Raynaud's),8979,Heart/Veins/Arteries,DBQ CARDIO Artery & Veins,,missing DC mapping,no,7124,Raynaud's disease,No Match,No Match,No Match,No Match,
aortic insufficiency (aortic regurgitation),,,,,,7000,valvular heart disease,8979,Heart/Veins/Arteries,DBQ CARDIO Heart,,,yes,No Match,No Match,No Match,No Match,No Match,No Match,8979
aortic valve disease,,,,,,7000,valvular heart disease,8979,Heart/Veins/Arteries,DBQ CARDIO Heart,,,yes,No Match,No Match,No Match,No Match,7000,valvular heart disease,8979
mitral regurgitation,,,,,,7000,valvular heart disease,8979,Heart/Veins/Arteries,DBQ CARDIO Heart,,,yes,7000,valvular heart disease,No Match,No Match,No Match,No Match,8979
mitral valve prolapse (Barlow syndrome),,,,,,7000,valvular heart disease,8979,Heart/Veins/Arteries,DBQ CARDIO Heart,,,yes,No Match,No Match,7000,valvular heart disease,No Match,No Match,8979
congestive heart failure (CHF),,,,,,7005,arteriosclerotic heart disease,8979,Heart/Veins/Arteries,DBQ CARDIO Heart,,,yes,No Match,No Match,7005,arteriosclerotic heart disease,No Match,No Match,8979
coronary artery disease (CAD or arteriosclerotic heart disease),,,,,,7005,arteriosclerotic heart disease,8979,Heart/Veins/Arteries,DBQ CARDIO Heart,,,yes,7005,arteriosclerotic heart disease,No Match,No Match,No Match,No Match,8979
heart attack (myocardial infarction),,,,,,7006,myocardial infarction (heart attack),8979,Heart/Veins/Arteries,DBQ CARDIO Heart,,missing DC mapping,no,7006,myocardial infarction (heart attack),No Match,No Match,No Match,No Match,
arrhythmia (irregular heartbeat),,,,,,7010,supraventricular tachycardia,8979,Heart/Veins/Arteries,DBQ CARDIO Heart,,,yes,7010,supraventricular arrhythmias,No Match,No Match,No Match,No Match,8979
atrial fibrillation (A-fib),,,,,,7010,supraventricular tachycardia,8979,Heart/Veins/Arteries,DBQ CARDIO Heart,,,yes,No Match,No Match,No Match,No Match,No Match,No Match,8979
tachycardia,,,,,,7010,supraventricular tachycardia,8979,Heart/Veins/Arteries,DBQ CARDIO Heart,,,yes,No Match,No Match,No Match,No Match,7010,supraventricular arrhythmias,8979
Wolff-Parkinson-White syndrome,,,,,,7010,supraventricular tachycardia,8979,Heart/Veins/Arteries,DBQ CARDIO Heart,,,yes,No Match,No Match,7010,supraventricular arrhythmias,No Match,No Match,8979
right ventricular hypertrophy (RVH),left ventricular hypertrophy (LVH),biventricular hypertrophy,,,,7011,ventricular arrhythmias,8979,Heart/Veins/Arteries,DBQ CARDIO Heart,,,yes,No Match,No Match,7011,ventricular arrhythmias,No Match,No Match,8979
premature ventricular contractions,,,,,,7011,ventricular arrhythmias,8979,Heart/Veins/Arteries,DBQ CARDIO Heart,,,yes,No Match,No Match,No Match,No Match,No Match,No Match,8979
heart bypass surgery (coronary artery bypass graft),,,,,,7017,coronary bypass surgery,8979,Heart/Veins/Arteries,DBQ CARDIO Heart,,,yes,7017,coronary bypass surgery,No Match,No Match,No Match,No Match,8979
hypertension (high blood pressure),,,,,,7101,hypertensive vascular disease,8979,Heart/Veins/Arteries,DBQ CARDIO Hypertension,,,yes,7101,hypertensive vascular disease,No Match,No Match,No Match,No Match,8979
"frostbite in foot, right","frostbite in foot, left","frostbite in foot, bilateral",,,,7122,residuals of cold injury,8943,Cold Injury Residuals,DBQ Cold injury Residuals,,,yes,7122,residuals of cold injury,No Match,No Match,No Match,No Match,8943
"frostbite in hand or fingers, right","frostbite in hand or fingers, left","frostbite in hand or fingers, bilateral",,,,7122,residuals of cold injury,8943,Cold Injury Residuals,DBQ Cold injury Residuals,,,yes,No Match,No Match,No Match,No Match,No Match,No Match,8943
"immersion foot, right","immersion foot, left","immersion foot, bilateral",,,,7122,residuals of cold injury,8943,Cold Injury Residuals,DBQ Cold injury Residuals,,,yes,No Match,No Match,No Match,No Match,No Match,No Match,8943
loss of teeth due to bone loss,,,,,,9913,loss of teeth,8967,Dental and Oral,DBQ DENTAL Oral and Dental,,,yes,9913,loss of teeth,No Match,No Match,No Match,No Match,8967
"scars, extremities or trunk",,,,,,Multiple ,Scars (Extremities and Trunk) DC group,9013,Scars (Extremities and Trunk),DBQ DERM Scars Disfigurement,,,yes,7802,"scars, burns (2nd degree)",No Match,No Match,No Match,No Match,No Match
"scars, head, face or neck",,,,,,Multiple ,"Scars (Head, Face and Neck) DC Group",9014,"Scars (Head, Face, Or Neck)",DBQ DERM Scars Disfigurement,,,yes,7800,"scars, head, face or neck",No Match,No Match,No Match,No Match,No Match
eczema (atopic dermatitis),,,,,,7806,eczema,9016,Skin,DBQ DERM Skin Diseases,,missing DC mapping,no,7806,eczema,No Match,No Match,No Match,No Match,
herpes (herpes simplex virus or HSV),,,,,,7806,eczema,9016,Skin,DBQ DERM Skin Diseases,,missing DC mapping,no,No Match,No Match,7806,eczema,No Match,No Match,
ringworm (dermatophytosis),,,,,,7813,dermatophytosis,9016,Skin,DBQ DERM Skin Diseases,,missing DC mapping,no,No Match,No Match,7813,dermatophytosis,No Match,No Match,
psoriasis,,,,,,7816,psoriasis,9016,Skin,DBQ DERM Skin Diseases,,missing DC mapping,no,7816,psoriasis,7816,psoriasis,No Match,No Match,
"plantar warts (foot warts), right","plantar warts (foot warts), left","plantar warts (foot warts), bilateral",,,,7820,infections of the skin,9016,Skin,DBQ DERM Skin Diseases,,missing DC mapping,no,7820,infections of the skin,No Match,No Match,No Match,No Match,
"pseudofolliculitis barbae (razor bumps, shave bumps, or ingrown hairs)",,,,,,7820,infections of the skin,9016,Skin,DBQ DERM Skin Diseases,,missing DC mapping,no,No Match,No Match,No Match,No Match,No Match,No Match,
vitiligo,,,,,,7823,vitiligo,9016,Skin,DBQ DERM Skin Diseases,,missing DC mapping,no,7823,vitiligo,No Match,No Match,No Match,No Match,
keratinization skin disorders,,,,,,7824,diseases of keratinization,9016,Skin,DBQ DERM Skin Diseases,,missing DC mapping,no,7824,diseases of keratinization,No Match,No Match,No Match,No Match,
urticaria (hives),,,,,,7825,urticaria,9016,Skin,DBQ DERM Skin Diseases,,missing DC mapping,no,7825,urticaria,No Match,No Match,No Match,No Match,
acne,,,,,,7828,acne,9016,Skin,DBQ DERM Skin Diseases,,missing DC mapping,no,7828,acne,No Match,No Match,No Match,No Match,
chloracne,,,,,,7829,chloracne,9016,Skin,DBQ DERM Skin Diseases,,missing DC mapping,no,7829,chloracne,No Match,No Match,No Match,No Match,
alopecia,,,,,,7831,alopecia areata,9016,Skin,DBQ DERM Skin Diseases,,missing DC mapping,no,7831,alopecia areata,No Match,No Match,No Match,No Match,
hyperhidrosis (excessive sweating),,,,,,7832,hyperhidrosis,9016,Skin,DBQ DERM Skin Diseases,,missing DC mapping,no,7832,hyperhidrosis,No Match,No Match,No Match,No Match,
"diabetes, type 1 or type 2",,,,,,7913,diabetes mellitus,8973,Endocrine,DBQ ENDO Diabetes mellitus,,,yes,7913,diabetes mellitus,No Match,No Match,No Match,No Match,8973
diabetes insipidus,,,,,,7909,diabetes insipidus,8973,Endocrine,"DBQ ENDO Endocrine (Other than Thyroid, Parathyroid or Diabetes Mellitus)",,,yes,7909,diabetes insipidus,No Match,No Match,No Match,No Match,8973
hyperthyroidism (overactive thyroid),,,,,,7900,hyperthyroidism,8973,Endocrine,DBQ ENDO Thyroid & Parathyroid,,,yes,7900,hyperthyroidism,No Match,No Match,No Match,No Match,8973
hypothyroidism (underactive thyroid),,,,,,7903,hypothyroidism,8973,Endocrine,DBQ ENDO Thyroid & Parathyroid,,,yes,7903,hypothyroidism,No Match,No Match,No Match,No Match,8973
"chronic suppurative otitis media (CSOM) or mastoiditis, right","chronic suppurative otitis media (CSOM) or mastoiditis, left","chronic suppurative otitis media (CSOM) or mastoiditis, bilateralt",,,,6200,chronic suppurative otitis media,8969,Ear Disease and Other Sense Organs,DBQ ENT Ear (Including Vestibular and Infectious),,,yes,No Match,No Match,6200,"otitis media, chronic (ear infection)",No Match,No Match,8969
"otitis media (middle ear infection), right","otitis media (middle ear infection), left","otitis media (middle ear infection), bilateral",,,,6201,chronic nonsuppurative otitis media,3140,Hearing Loss,DBQ ENT Ear (Including Vestibular and Infectious),,,yes,No Match,No Match,6201,otitis media,No Match,No Match,3140
"labyrinthitis (type of inner ear infection), right","labyrinthitis (type of inner ear infection), left","labyrinthitis (type of inner ear infection), bilateral",,,,6204,labyrinthitis,8969,Ear Disease and Other Sense Organs,DBQ ENT Ear (Including Vestibular and Infectious),,,yes,No Match,No Match,6204,labyrinthitis,No Match,No Match,8969
Meniere's disease,,,,,,6205,Meniere's syndrome,8969,Ear Disease and Other Sense Organs,DBQ ENT Ear (Including Vestibular and Infectious),,,yes,6205,Meniere's syndrome,No Match,No Match,No Match,No Match,8969
"chronic otitis externa (swimmer's ear), right","chronic otitis externa (swimmer's ear), left","chronic otitis externa (swimmer's ear), bilateral",,,,6210,chronic otitis externa.,8969,Ear Disease and Other Sense Organs,DBQ ENT Ear (Including Vestibular and Infectious),,,yes,No Match,No Match,6210,disease of the auditory canal,No Match,No Match,8969
"perforated eardrum (perforated tympanic membrane), right","perforated eardrum (perforated tympanic membrane), left","perforated eardrum (perforated tympanic membrane), bilateral",,,,6211,perforated eardrum,8969,Ear Disease and Other Sense Organs,DBQ ENT Ear (Including Vestibular and Infectious),,,yes,No Match,No Match,6211,perforated eardrum,No Match,No Match,8969
complete loss of sense of smell (anosmia),,,,,,6275,complete loss of sense of smell,8969,Ear Disease and Other Sense Organs,DBQ ENT Loss of Sense of Smell and or Taste,,,yes,6275,complete loss of sense of smell,No Match,No Match,No Match,No Match,8969
complete loss of sense of taste (ageusia),,,,,,6276,complete loss of sense of taste,8969,Ear Disease and Other Sense Organs,DBQ ENT Loss of Sense of Smell and or Taste,,,yes,6276,complete loss of sense of taste,No Match,No Match,No Match,No Match,8969
deviated septum,,,,,,6502,deviated septum,9012,Respiratory,"DBQ ENT Sinusitis, Rhinitis and Other Conditions of the Nose, Throat, Larynx and Pharynx",,,yes,6502,deviated septum,No Match,No Match,No Match,No Match,9012
chronic sinusitis,,,,,,6513,"maxillary sinusitis, chronic",9012,Respiratory,"DBQ ENT Sinusitis, Rhinitis and Other Conditions of the Nose, Throat, Larynx and Pharynx",,,yes,6513,maxillary sinusitis,No Match,No Match,No Match,No Match,9012
chronic laryngitis,,,,,,6516,chronic laryngitis,9012,Respiratory,"DBQ ENT Sinusitis, Rhinitis and Other Conditions of the Nose, Throat, Larynx and Pharynx",,,yes,6516,chronic laryngitis,No Match,No Match,No Match,No Match,9012
"chronic rhinitis, allergic or non-allergic",,,,,,6522,allergic or vasomotor rhinitis,9012,Respiratory,"DBQ ENT Sinusitis, Rhinitis and Other Conditions of the Nose, Throat, Larynx and Pharynx",,,yes,6522,allergic rhinitis,No Match,No Match,No Match,No Match,9012
laryngeal cancer (cancer of larynx),,,,,,6819,malignant growths of the respiratory system,1230,Cancer - Respiratory,"DBQ ENT Sinusitis, Rhinitis and Other Conditions of the Nose, Throat, Larynx and Pharynx",,,no,No Match,No Match,No Match,No Match,6819,malignant growths of the respiratory system,
nasopharyngeal cancer,,,,,,6819,malignant growths of the respiratory system,1230,Cancer - Respiratory,"DBQ ENT Sinusitis, Rhinitis and Other Conditions of the Nose, Throat, Larynx and Pharynx",,,no,No Match,No Match,No Match,No Match,No Match,No Match,
oropharyngeal cancer,,,,,,6819,malignant growths of the respiratory system,1230,Cancer - Respiratory,"DBQ ENT Sinusitis, Rhinitis and Other Conditions of the Nose, Throat, Larynx and Pharynx",,,no,No Match,No Match,No Match,No Match,No Match,No Match,
pharyngeal cancer (throat cancer)Â ,,,,,,6819,malignant growths of the respiratory system,1230,Cancer - Respiratory,"DBQ ENT Sinusitis, Rhinitis and Other Conditions of the Nose, Throat, Larynx and Pharynx",,,no,No Match,No Match,6819,malignant growths of the respiratory system,No Match,No Match,
trachea cancer (cancer of windpipe),,,,,,6819,malignant growths of the respiratory system,1230,Cancer - Respiratory,"DBQ ENT Sinusitis, Rhinitis and Other Conditions of the Nose, Throat, Larynx and Pharynx",,,no,No Match,No Match,No Match,No Match,No Match,No Match,
dysphagia (difficulty swallowing),,,,,,7203,stricture of esophagus,8968,Digestive,DBQ GI Esophageal Disorders,,,yes,7203,stricture of esophagus,No Match,No Match,No Match,No Match,8968
esophageal stricture (narrowing of esophagus),,,,,,7203,stricture of esophagus,8968,Digestive,DBQ GI Esophageal Disorders,,,yes,No Match,No Match,7203,stricture of esophagus,No Match,No Match,8968
esophageal cancer,,,,,,7343,malignant growths of digestive system,8932,Cancer - Digestive,DBQ GI Esophageal Disorders,,,no,No Match,No Match,No Match,No Match,7343,malignant growths of digestive system,
GERD (gastroesophageal reflux disease),,,,,,7346,hiatal hernia,8968,Digestive,DBQ GI Esophageal Disorders,,,yes,No Match,No Match,7346,hiatal hernia,No Match,No Match,8968
hiatal hernia,,,,,,7346,hiatal hernia,8968,Digestive,DBQ GI Esophageal Disorders,,,yes,7346,hiatal hernia,No Match,No Match,No Match,No Match,8968
gallstones (cholelithiasis),,,,,,7315,cholelithiasis (gall stones),8968,Digestive,DBQ GI Gallbladder & Pancreas,,,yes,7315,cholelithiasis (gall stones),No Match,No Match,No Match,No Match,8968
pancreatic cancer,,,,,,7343,malignant growths of digestive system,8932,Cancer - Digestive,DBQ GI Gallbladder & Pancreas,,,no,No Match,No Match,No Match,No Match,No Match,No Match,
inguinal hernia (hernia in groin),,,,,,7338,inguinal hernia,8968,Digestive,"DBQ GI Hernias (Including Abdominal, Inguinal, and Femoral Hernias)",,,yes,7338,inguinal hernia,No Match,No Match,No Match,No Match,8968
ventral hernia (hernia in abdomen),,,,,,7339,ventral hernia,8968,Digestive,"DBQ GI Hernias (Including Abdominal, Inguinal, and Femoral Hernias)",,,yes,7339,ventral hernia,No Match,No Match,No Match,No Match,8968
femoral hernia (hernia in thigh area),,,,,,7340,femoral hernia,8968,Digestive,"DBQ GI Hernias (Including Abdominal, Inguinal, and Femoral Hernias)",,,yes,7340,femoral hernia,No Match,No Match,No Match,No Match,8968
irritable bowel syndrome (IBS),,,,,,7319,irritable bowel syndrome,8968,Digestive,DBQ GI Intestinal (other than surgical or infectious),,,yes,7319,irritable bowel syndrome,No Match,No Match,No Match,No Match,8968
proctitis (inflammation of rectum),,,,,,7319,irritable bowel syndrome,8968,Digestive,DBQ GI Intestinal (other than surgical or infectious),,,yes,No Match,No Match,7319,irritable bowel syndrome,No Match,No Match,8968
Crohn's disease,,,,,,7323,ulcerative colitis,8968,Digestive,DBQ GI Intestinal (other than surgical or infectious),,,yes,No Match,No Match,7323,ulcerative colitis,No Match,No Match,8968
ulcerative colitis,,,,,,7323,ulcerative colitis,8968,Digestive,DBQ GI Intestinal (other than surgical or infectious),,,yes,7323,ulcerative colitis,No Match,No Match,No Match,No Match,8968
colorectal cancer or colon cancer,,,,,,7343,malignant growths of digestive system,8932,Cancer - Digestive,DBQ GI Intestinal (other than surgical or infectious),,,no,No Match,No Match,7343,malignant growths of digestive system,No Match,No Match,
cirrhosis (scarring of liver),,,,,,7312,cirrhosis of the liver,8968,Digestive,DBQ GI Liver Conditions,,,yes,7312,cirrhosis of the liver,No Match,No Match,No Match,No Match,8968
"liver cancer, including hepatocellular carcinoma (HCC)",,,,,,7343,malignant growths of digestive system,8932,Cancer - Digestive,DBQ GI Liver Conditions,,,no,No Match,No Match,No Match,No Match,No Match,No Match,
hepatitis B,,,,,,7345,infectious hepatitis,8968,Digestive,DBQ GI Liver Conditions,,,yes,7345,infectious hepatitis,No Match,No Match,No Match,No Match,8968
hepatitis C,,,,,,7354,hepatitis C,8968,Digestive,DBQ GI Liver Conditions,,,yes,7354,hepatitis C,No Match,No Match,No Match,No Match,8968
fecal incontinence (loss of bowel control),,,,,,7332,impairment of sphincter control,8968,Digestive,DBQ GI Rectum & Anus,,,yes,7332,impairment of sphincter control,No Match,No Match,No Match,No Match,8968
anal or perianal fistula (fistula-in-ano),,,,,,7335,"ano, fistula",8968,Digestive,DBQ GI Rectum & Anus,,,yes,7335,"ano, fistula",No Match,No Match,No Match,No Match,8968
hemorrhoids,,,,,,7336,hemorrhoids,8968,Digestive,DBQ GI Rectum & Anus,,,yes,7336,hemorrhoids,No Match,No Match,No Match,No Match,8968
anal cancer,,,,,,7343,malignant growths of digestive system,8932,Cancer - Digestive,DBQ GI Rectum & Anus,,,no,No Match,No Match,No Match,No Match,No Match,No Match,
stomach cancer,,,,,,7343,malignant growths of digestive system,8932,Cancer - Digestive,DBQ GI Stomach and Duodenum,,,no,7343,malignant growths of digestive system,No Match,No Match,No Match,No Match,
kidney removal (nephrectomy),,,,,,7500,removal of kidney,8975,Genitourinary,DBQ GU Kidney,,,yes,7500,removal of kidney,No Match,No Match,No Match,No Match,8975
chronic nephritis (inflammation of kidneys),,,,,,7502,chronic nephritis,8975,Genitourinary,DBQ GU Kidney,,,yes,7502,chronic nephritis,No Match,No Match,No Match,No Match,8975
kidney stones (nephrolithiasis),,,,,,7508,nephrolithiasis (kidney stones),8975,Genitourinary,DBQ GU Kidney,,,yes,7508,nephrolithiasis (kidney stones),No Match,No Match,No Match,No Match,8975
kidney cancer (renal cancer),,,,,,7528,malignant growths of genitourinary system,8935,Cancer - Genitourinary,DBQ GU Kidney,,,no,No Match,No Match,No Match,No Match,No Match,No Match,
chronic kidney disease (CKD),,,,,,7530,chronic renal disease,8975,Genitourinary,DBQ GU Kidney,,,yes,7530,chronic renal disease,No Match,No Match,No Match,No Match,8975
kidney transplant,,,,,,7531,kidney transplant,8975,Genitourinary,DBQ GU Kidney,,,yes,7531,kidney transplant,No Match,No Match,No Match,No Match,8975
diabetic nephropathy (diabetic kidney disease),,,,,,7541,renal involvement with systemic disease process,8975,Genitourinary,DBQ GU Kidney,,,yes,7541,renal involvement with systemic disease process,No Match,No Match,No Match,No Match,8975
erectile dysfunction (ED),,,,,,7522,penile deformity (loss of erectile power),8975,Genitourinary,DBQ GU Male Reproductive Organ,,,yes,7522,penile deformity (loss of erectile power),No Match,No Match,No Match,No Match,8975
epididymitis,,,,,,7525,"chronic prostatitis, urethritis, epididymitis, orchitis",8975,Genitourinary,DBQ GU Male Reproductive Organ,,,yes,7525,chronic epididymo-orchitis,No Match,No Match,No Match,No Match,8975
orchitis (inflammation of testicles),,,,,,7525,"chronic prostatitis, urethritis, epididymitis, orchitis",8975,Genitourinary,DBQ GU Male Reproductive Organ,,,yes,No Match,No Match,7525,chronic epididymo-orchitis,No Match,No Match,8975
prostatitis (inflammation of prostate),,,,,,7525,"chronic prostatitis, urethritis, epididymitis, orchitis",8975,Genitourinary,DBQ GU Male Reproductive Organ,,,yes,No Match,No Match,No Match,No Match,7525,chronic epididymo-orchitis,8975
enlarged prostate (benign prostatic hyperplasia or BPH),,,,,,7527,"prostate gland injuries, infections, hypertrophy",8975,Genitourinary,DBQ GU Male Reproductive Organ,,,yes,7527,"prostate gland injuries, infections, hypertrophy",No Match,No Match,No Match,No Match,8975
penile cancer,,,,,,7528,malignant growths of genitourinary system,8935,Cancer - Genitourinary,DBQ GU Male Reproductive Organ,,,no,No Match,No Match,No Match,No Match,No Match,No Match,
prostate cancer,,,,,,7528,malignant growths of genitourinary system,8935,Cancer - Genitourinary,DBQ GU Male Reproductive Organ,,,no,7528,malignant growths of genitourinary system,No Match,No Match,No Match,No Match,
testicular cancer,,,,,,7528,malignant growths of genitourinary system,8935,Cancer - Genitourinary,DBQ GU Male Reproductive Organ,,,no,No Match,No Match,7528,malignant growths of genitourinary system,No Match,No Match,
"hydrocele, right",,,,,,7543,varicocele/Hydrocele,8975,Genitourinary,DBQ GU Male Reproductive Organ,,,no,No Match,No Match,No Match,No Match,No Match,No Match,
"varicocele, right","varicocele, left","varicocele, bilateral",,,,7543,varicocele/Hydrocele,8975,Genitourinary,DBQ GU Male Reproductive Organ,,,no,No Match,No Match,7543,varicocele/Hydrocele,No Match,No Match,
bladder stones,,,,,,7515,calculus in bladder,8975,Genitourinary,DBQ GU Urinary Tract Conditions,,,yes,7515,calculus in bladder,No Match,No Match,No Match,No Match,8975
urinary incontinence (loss of bladder control),,,,,,7517,injury of bladder,8975,Genitourinary,DBQ GU Urinary Tract Conditions,,,yes,7517,injury of bladder,No Match,No Match,No Match,No Match,8975
urethritis,,,,,,7525,"chronic prostatitis, urethritis, epididymitis, orchitis",8975,Genitourinary,DBQ GU Urinary Tract Conditions,,,yes,No Match,No Match,No Match,No Match,No Match,No Match,8975
bladder cancer,,,,,,7528,malignant growths of genitourinary system,8935,Cancer - Genitourinary,DBQ GU Urinary Tract Conditions,,,no,No Match,No Match,No Match,No Match,7528,malignant growths of genitourinary system,
ureteral cancer (ureter cancer),,,,,,7528,malignant growths of genitourinary system,8935,Cancer - Genitourinary,DBQ GU Urinary Tract Conditions,,,no,No Match,No Match,No Match,No Match,No Match,No Match,
neurogenic bladder,,,,,,7542,neurogenic bladder,8975,Genitourinary,DBQ GU Urinary Tract Conditions,,,yes,7542,neurogenic bladder,No Match,No Match,No Match,No Match,8975
ovarian adhesions,,,,,,7615,disease or injury of the ovary,8978,Gynecological,DBQ GYN Gynecological,,,yes,No Match,No Match,No Match,No Match,7615,disease or injury of the ovary,8978
ovarian cysts,,,,,,7615,disease or injury of the ovary,8978,Gynecological,DBQ GYN Gynecological,,,yes,No Match,No Match,7615,disease or injury of the ovary,No Match,No Match,8978
polycystic ovary syndrome (PCOS),,,,,,7615,disease or injury of the ovary,8978,Gynecological,DBQ GYN Gynecological,,,yes,7615,disease or injury of the ovary,No Match,No Match,No Match,No Match,8978
hysterectomy and ovariectomy (removal of uterus and both ovaries),,,,,,7617,removal of uterus and both ovaries,8978,Gynecological,DBQ GYN Gynecological,,,yes,7617,removal of uterus and both ovaries,No Match,No Match,No Match,No Match,8978
hysterectomy (removal of uterus),,,,,,7618,removal of uterus,8978,Gynecological,DBQ GYN Gynecological,,,yes,7618,removal of uterus,No Match,No Match,No Match,No Match,8978
ovariectomy (removal of one or both ovaries),,,,,,7619,removal of ovary,8978,Gynecological,DBQ GYN Gynecological,,,yes,7619,removal of ovary,No Match,No Match,No Match,No Match,8978
endometriosis,,,,,,7629,endometriosis,8978,Gynecological,DBQ GYN Gynecological,,,yes,7629,endometriosis,No Match,No Match,No Match,No Match,8978
female sexual arousal disorder (FSAD),,,,,,7632,female sexual arousal disorder (FSAD),8978,Gynecological,DBQ GYN Gynecological,,,yes,7632,female sexual arousal disorder (FSAD),No Match,No Match,No Match,No Match,8978
anemia,,,,,,7700,anemia,8981,Hemic and Lymphatic,"DBQ HEM Hematologic and Lymphatic Conditions, Including Leukemia",,,yes,7700,anemia,No Match,No Match,No Match,No Match,8981
leukemia,,,,,,7703,leukemia,8939,Cancer - Hemic and Lymphatic,"DBQ HEM Hematologic and Lymphatic Conditions, Including Leukemia",,,yes,7703,leukemia,No Match,No Match,No Match,No Match,8939
Hodgkin lymphoma,,,,,,7709,Hodgkin's disease,8939,Cancer - Hemic and Lymphatic,"DBQ HEM Hematologic and Lymphatic Conditions, Including Leukemia",,,yes,7709,Hodgkin's disease,No Match,No Match,No Match,No Match,8939
sickle cell anemia,,,,,,7714,sickle cell anemia,8981,Hemic and Lymphatic,"DBQ HEM Hematologic and Lymphatic Conditions, Including Leukemia",,,yes,7714,sickle cell anemia,No Match,No Match,No Match,No Match,8981
non-Hodgkin lymphoma,,,,,,7715,non-Hodgkin's lymphoma,8939,Cancer - Hemic and Lymphatic,"DBQ HEM Hematologic and Lymphatic Conditions, Including Leukemia",,,yes,7715,non-Hodgkin's lymphoma,No Match,No Match,No Match,No Match,8939
iron deficiency anemia,,,,,,7720,iron deficiency anemia,8981,Hemic and Lymphatic,"DBQ HEM Hematologic and Lymphatic Conditions, Including Leukemia",,,yes,7720,iron deficiency anemia,No Match,No Match,No Match,No Match,8981
HIV-related illness,,,,,,6351,HIV-related illness,8986,"Infectious Diseases, Immune Disorders & Nutritional Deficiencies",DBQ INFECT HIV-Related Illnesses,,,yes,6351,HIV-related illness,No Match,No Match,No Match,No Match,8986
Hansen's disease (leprosy),,,,,,6302,leprosy (Hansen's disease),8986,"Infectious Diseases, Immune Disorders & Nutritional Deficiencies","DBQ INFECT Infectious Disease (Other than HIV-related illness, Chronic Fatigue Syndrome, and Tuberculosis)",,,yes,6302,leprosy (Hansen's disease),No Match,No Match,No Match,No Match,8986
malaria,,,,,,6304,malaria,8986,"Infectious Diseases, Immune Disorders & Nutritional Deficiencies","DBQ INFECT Infectious Disease (Other than HIV-related illness, Chronic Fatigue Syndrome, and Tuberculosis)",,,yes,6304,malaria,No Match,No Match,No Match,No Match,8986
lymphatic filariasis,,,,,,6305,lymphatic filariasis,8986,"Infectious Diseases, Immune Disorders & Nutritional Deficiencies","DBQ INFECT Infectious Disease (Other than HIV-related illness, Chronic Fatigue Syndrome, and Tuberculosis)",,,yes,6305,lymphatic filariasis,No Match,No Match,No Match,No Match,8986
lupus,,,,,,6350,systemic lupus erythematosus,8986,"Infectious Diseases, Immune Disorders & Nutritional Deficiencies","DBQ INFECT Infectious Disease (Other than HIV-related illness, Chronic Fatigue Syndrome, and Tuberculosis)",,,yes,6350,systemic lupus erythematosus,No Match,No Match,No Match,No Match,8986
"ankle replacement (ankle arthroplasty), right","ankle replacement (ankle arthroplasty), left","ankle replacement (ankle arthroplasty), bilateral",,,,5056,ankle replacement,8991,Musculoskeletal - Ankle,DBQ MUSC Ankle,,,yes,5056,"ankle replacement, prosthesis",No Match,No Match,No Match,No Match,8991
astragalectomy or talectomy (removal of talus bone in ankle),,,,,,5274,astragalectomy,8991,Musculoskeletal - Ankle,DBQ MUSC Ankle,,,yes,5274,astragalectomy (ankle condition),No Match,No Match,No Match,No Match,8991
"ankle sprain, right","ankle sprain, left","ankle sprain, bilateral",,,,Multiple,Ankle DC Group,8991,Musculoskeletal - Ankle,DBQ MUSC Ankle,,,no,No Match,No Match,No Match,No Match,No Match,No Match,No Match
"ankylosis in ankle, right","ankylosis in ankle, left","ankylosis in ankle, bilateral",,,,Multiple,Ankle DC Group,8991,Musculoskeletal - Ankle,DBQ MUSC Ankle,,,no,5270,ankylosis of ankle,No Match,No Match,No Match,No Match,No Match
"bursitis in ankle, right","bursitis in ankle, left","bursitis in ankle, bilateral",,,,Multiple,Ankle DC Group,8991,Musculoskeletal - Ankle,DBQ MUSC Ankle,,,no,No Match,No Match,No Match,No Match,No Match,No Match,No Match
"degenerative arthritis (osteoarthritis) in ankle, right","degenerative arthritis (osteoarthritis) in ankle, left","degenerative arthritis (osteoarthritis) in ankle, bilateral",,,,Multiple,Ankle DC Group,8991,Musculoskeletal - Ankle,DBQ MUSC Ankle,,,no,No Match,No Match,No Match,No Match,No Match,No Match,No Match
"post-traumatic arthritis in ankle, right","post-traumatic arthritis in ankle, left","post-traumatic arthritis in ankle, bilateral",,,,Multiple,Ankle DC Group,8991,Musculoskeletal - Ankle,DBQ MUSC Ankle,,,no,No Match,No Match,No Match,No Match,No Match,No Match,No Match
"tendonitis (tendinitis) in ankle, right","tendonitis (tendinitis) in ankle, left","tendonitis (tendinitis) in ankle, bilateral",,,,Multiple,Ankle DC Group,8991,Musculoskeletal - Ankle,DBQ MUSC Ankle,,,no,No Match,No Match,No Match,No Match,No Match,No Match,No Match
lower back sprain (lumbosacral sprain),,,,,,5237,lumbosacral or cervical strain,8998,Musculoskeletal - Mid/Lower Back (Thoracolumbar Spine),DBQ MUSC Back (thoracolumbar spine),,,no,No Match,No Match,No Match,No Match,No Match,No Match,
lower back strain (lumbosacral strain),,,,,,5237,lumbosacral or cervical strain,8998,Musculoskeletal - Mid/Lower Back (Thoracolumbar Spine),DBQ MUSC Back (thoracolumbar spine),,,no,No Match,No Match,5237,lumbosacral or cervical strain,No Match,No Match,
middle back sprain (thoracic sprain),,,,,,5237,lumbosacral or cervical strain,8998,Musculoskeletal - Mid/Lower Back (Thoracolumbar Spine),DBQ MUSC Back (thoracolumbar spine),,,no,No Match,No Match,No Match,No Match,No Match,No Match,
middle back strain (thoracic strain),,,,,,5237,lumbosacral or cervical strain,8998,Musculoskeletal - Mid/Lower Back (Thoracolumbar Spine),DBQ MUSC Back (thoracolumbar spine),,,no,No Match,No Match,No Match,No Match,5237,lumbosacral or cervical strain,
lumbar spinal stenosis (narrowing of spinal canal in lower back),,,,,,5238,spinal stenosis,8998,Musculoskeletal - Mid/Lower Back (Thoracolumbar Spine),DBQ MUSC Back (thoracolumbar spine),,,no,5238,spinal stenosis,No Match,No Match,No Match,No Match,
"spondylolisthesis, back",,,,,,5239,spondylolisthesis or segmental instability,8998,Musculoskeletal - Mid/Lower Back (Thoracolumbar Spine),DBQ MUSC Back (thoracolumbar spine),,,no,5239,spondylolisthesis or segmental instability,No Match,No Match,No Match,No Match,
"spinal arthritis, back",,,,,,5242,degenerative arthritis of the spine,8998,Musculoskeletal - Mid/Lower Back (Thoracolumbar Spine),DBQ MUSC Back (thoracolumbar spine),,,no,5242,degenerative arthritis of the spine,No Match,No Match,No Match,No Match,
"intervertebral disc syndrome (IVDS), back",,,,,,5243,intervertebral disc syndrome,8998,Musculoskeletal - Mid/Lower Back (Thoracolumbar Spine),DBQ MUSC Back (thoracolumbar spine),,,no,5243,intervertebral disc syndrome,No Match,No Match,No Match,No Match,
"radiculopathy, right lower extremities","radiculopathy, left lower extremities","radiculopathy, bilateral lower extremities",,,,Multiple,Peripheral Nerves DC Group,8998,Musculoskeletal - Mid/Lower Back (Thoracolumbar Spine),DBQ MUSC Back (thoracolumbar spine),,"Per DBQ Index, use NEURO Peripheral nerves conditions DBQ for CFI",no,No Match,No Match,No Match,No Match,No Match,No Match,No Match
rib removal,,,,,,5297,removal of rib(s),249482,Musculoskeletal - Bones,DBQ MUSC Bones and Other Skeletal Conditions,,,yes,5297,removal of rib(s),No Match,No Match,No Match,No Match,249482
tailbone (coccyx) removal,,,,,,5298,removal of coccyx (tailbone),249482,Musculoskeletal - Bones,DBQ MUSC Bones and Other Skeletal Conditions,,,yes,5298,removal of coccyx (tailbone),No Match,No Match,No Match,No Match,249482
"elbow replacement (elbow arthroplasty), right","elbow replacement (elbow arthroplasty), left","elbow replacement (elbow arthroplasty), bilateral",,,,5052,elbow replacement,8993,Musculoskeletal - Elbow,DBQ MUSC Elbow and forearm,,,yes,5052,"elbow replacement, prosthesis",No Match,No Match,No Match,No Match,8993
"ankylosis in elbow, right","ankylosis in elbow, left","ankylosis in elbow, bilateral",,,,Multiple,Elbow and Forearm DC Group,8993,Musculoskeletal - Elbow,DBQ MUSC Elbow and forearm,,,no,5205,ankylosis of the elbow,No Match,No Match,No Match,No Match,No Match
"bursitis in elbow, right","bursitis in elbow, left","bursitis in elbow, bilateral",,,,Multiple,Elbow and Forearm DC Group,8993,Musculoskeletal - Elbow,DBQ MUSC Elbow and forearm,,,no,No Match,No Match,No Match,No Match,No Match,No Match,No Match
"degenerative arthritis (osteoarthritis) in elbow, right","degenerative arthritis (osteoarthritis) in elbow, left","degenerative arthritis (osteoarthritis) in elbow, bilateral",,,,Multiple,Elbow and Forearm DC Group,8993,Musculoskeletal - Elbow,DBQ MUSC Elbow and forearm,,,no,No Match,No Match,No Match,No Match,No Match,No Match,No Match
"golfer's elbow (medial epicondylitis), right","golfer's elbow (medial epicondylitis), left","golfer's elbow (medial epicondylitis), bilateral",,,,Multiple,Elbow and Forearm DC Group,8993,Musculoskeletal - Elbow,DBQ MUSC Elbow and forearm,,,no,No Match,No Match,No Match,No Match,No Match,No Match,No Match
"post-traumatic arthritis in elbow, right","post-traumatic arthritis in elbow, left","post-traumatic arthritis in elbow, bilateral",,,,Multiple,Elbow and Forearm DC Group,8993,Musculoskeletal - Elbow,DBQ MUSC Elbow and forearm,,,no,No Match,No Match,No Match,No Match,No Match,No Match,No Match
"tendonitis (tendinitis) in elbow, right","tendonitis (tendinitis) in elbow, left","tendonitis (tendinitis) in elbow, bilateral",,,,Multiple,Elbow and Forearm DC Group,8993,Musculoskeletal - Elbow,DBQ MUSC Elbow and forearm,,,no,No Match,No Match,No Match,No Match,No Match,No Match,No Match
"tennis elbow (lateral epicondylitis), right","tennis elbow (lateral epicondylitis), left","tennis elbow (lateral epicondylitis), bilateral",,,,Multiple,Elbow and Forearm DC Group,8993,Musculoskeletal - Elbow,DBQ MUSC Elbow and forearm,,,no,No Match,No Match,No Match,No Match,No Match,No Match,No Match
"plantar fasciitis, left","plantar fasciitis, right","plantar fasciitis, bilateral",,,,5269,plantar fasciitis,8994,Musculoskeletal - Foot,DBQ MUSC Foot Conditions including flatfoot (pes planus),,,yes,No Match,No Match,5269,plantar fasciitis,No Match,No Match,8994
"flatfoot (pes planus), right","flatfoot (pes planus), left","flatfoot (pes planus), bilateral",,,,5276,"flatfoot, acquired",8994,Musculoskeletal - Foot,DBQ MUSC Foot Conditions including flatfoot (pes planus),,,yes,5276,"flatfoot, acquired",No Match,No Match,No Match,No Match,8994
"weak foot, bilateral",,,,,,5277,"weak foot condition, bilateral",8994,Musculoskeletal - Foot,DBQ MUSC Foot Conditions including flatfoot (pes planus),,,yes,5277,"weak foot condition, bilateral",No Match,No Match,No Match,No Match,8994
"claw foot (pes cavus), right","claw foot (pes cavus), left","claw foot (pes cavus), bilateral",,,,5278,"claw foot (pes cavus), acquired",8994,Musculoskeletal - Foot,DBQ MUSC Foot Conditions including flatfoot (pes planus),,,yes,5278,"claw foot (pes cavus, acquired",No Match,No Match,No Match,No Match,8994
"metatarsalgia (pain in ball of foot), right","metatarsalgia (pain in ball of foot), left","metatarsalgia (pain in ball of foot), bilateral",,,,5279,metatarsalgia (foot pain) or Morton's disease,8994,Musculoskeletal - Foot,DBQ MUSC Foot Conditions including flatfoot (pes planus),,,yes,5279,metatarsalgia (foot pain) (morton's disease),No Match,No Match,No Match,No Match,8994
"Morton's neuroma, right","Morton's neuroma, left","Morton's neuroma, bilateral",,,,5279,metatarsalgia (foot pain) or Morton's disease,8994,Musculoskeletal - Foot,DBQ MUSC Foot Conditions including flatfoot (pes planus),,,yes,No Match,No Match,No Match,No Match,No Match,No Match,8994
"bunions (hallux valgus), right","bunions (hallux valgus), left","bunions (hallux valgus), bilateral",,,,5280,hallux valgus - foot,8994,Musculoskeletal - Foot,DBQ MUSC Foot Conditions including flatfoot (pes planus),,,yes,5280,"hallux valgus, unilateral (foot condition)",No Match,No Match,No Match,No Match,8994
"hallux rigidus (big toe arthritis), bilateral","hallux rigidus (big toe arthritis), left","hallux rigidus (big toe arthritis), right",,,,5281,hallux rigidus - foot,8994,Musculoskeletal - Foot,DBQ MUSC Foot Conditions including flatfoot (pes planus),,missing DC mapping,no,No Match,No Match,No Match,No Match,5281,"hallux rigidus (foot), unilateral, severe",8994
"hammer toe, right","hammer toe, left","hammer toe, bilateral",,,,5282,hammer toe,8994,Musculoskeletal - Foot,DBQ MUSC Foot Conditions including flatfoot (pes planus),,missing DC mapping,no,No Match,No Match,5282,hammer toe,No Match,No Match,8994
athlete's foot (tinea pedis),,,,,,7813,dermatophytosis,8994,Musculoskeletal - Foot,DBQ MUSC Foot Conditions including flatfoot (pes planus),,,no,7813,dermatophytosis,No Match,No Match,No Match,No Match,
"bursitis in foot, right","bursitis in foot, left","bursitis in foot, bilateral",,,,Multiple,Foot DC Group,8994,Musculoskeletal - Foot,DBQ MUSC Foot Conditions including flatfoot (pes planus),,,no,No Match,No Match,No Match,No Match,No Match,No Match,No Match
"degenerative arthritis (osteoarthritis) in foot, right","degenerative arthritis (osteoarthritis) in foot, left","degenerative arthritis (osteoarthritis) in foot, bilateral",,,,Multiple,Foot DC Group,8994,Musculoskeletal - Foot,DBQ MUSC Foot Conditions including flatfoot (pes planus),,,no,No Match,No Match,No Match,No Match,No Match,No Match,No Match
"foot fracture (tarsal or metatarsal fracture), right","foot fracture (tarsal or metatarsal fracture), left","foot fracture (tarsal or metatarsal fracture), bilateral",,,,Multiple,Foot DC Group,8994,Musculoskeletal - Foot,DBQ MUSC Foot Conditions including flatfoot (pes planus),,,no,No Match,No Match,No Match,No Match,No Match,No Match,No Match
"gout in foot, right","gout in foot, left","gout in foot, bilateral",,,,Multiple,Foot DC Group,8994,Musculoskeletal - Foot,DBQ MUSC Foot Conditions including flatfoot (pes planus),,,no,No Match,No Match,No Match,No Match,No Match,No Match,No Match
"post-traumatic arthritis in foot, right","post-traumatic arthritis in foot, left","post-traumatic arthritis in foot, bilateral",,,,Multiple,Foot DC Group,8994,Musculoskeletal - Foot,DBQ MUSC Foot Conditions including flatfoot (pes planus),,,no,No Match,No Match,No Match,No Match,No Match,No Match,No Match
"tendonitis (tendinitis) in foot, right","tendonitis (tendinitis) in foot, left","tendonitis (tendinitis) in foot, bilateral",,,,Multiple,Foot DC Group,8994,Musculoskeletal - Foot,DBQ MUSC Foot Conditions including flatfoot (pes planus),,,no,No Match,No Match,No Match,No Match,No Match,No Match,No Match
"ankylosis in hand or fingers, right","ankylosis in hand or fingers, left","ankylosis in hand or fingers, bilateral",,,,Multiple,Hand and Finger DC Group,8995,Musculoskeletal - Hand,DBQ MUSC Hand and Finger,,,no,5216,unfavorable ankylosis of one hand,No Match,No Match,No Match,No Match,No Match
"Boutonniere deformity in fingers, right","Boutonniere deformity in fingers, left","Boutonniere deformity in fingers, bilateral",,,,Multiple,Hand and Finger DC Group,8995,Musculoskeletal - Hand,DBQ MUSC Hand and Finger,,,no,No Match,No Match,No Match,No Match,No Match,No Match,No Match
"bursitis in hand or fingers, right","bursitis in hand or fingers, left","bursitis in hand or fingers, bilateral",,,,Multiple,Hand and Finger DC Group,8995,Musculoskeletal - Hand,DBQ MUSC Hand and Finger,,,no,No Match,No Match,No Match,No Match,No Match,No Match,No Match
"degenerative arthritis (osteoarthritis) in hand or fingers, right","degenerative arthritis (osteoarthritis) in hand or fingers, left","degenerative arthritis (osteoarthritis) in hand or fingers, bilateral",,,,Multiple,Hand and Finger DC Group,8995,Musculoskeletal - Hand,DBQ MUSC Hand and Finger,,,no,No Match,No Match,No Match,No Match,No Match,No Match,No Match
"Depuytren's contracture (abnormal thickening of tissues in palm of hand), right","Depuytren's contracture (abnormal thickening of tissues in palm of hand), left","Depuytren's contracture (abnormal thickening of tissues in palm of hand), bilateral",,,,Multiple,Hand and Finger DC Group,8995,Musculoskeletal - Hand,DBQ MUSC Hand and Finger,,,no,No Match,No Match,No Match,No Match,No Match,No Match,No Match
"ganglion cyst in hand or fingers, right","ganglion cyst in hand or fingers, left","ganglion cyst in hand or fingers, bilateral",,,,Multiple,Hand and Finger DC Group,8995,Musculoskeletal - Hand,DBQ MUSC Hand and Finger,,,no,No Match,No Match,No Match,No Match,No Match,No Match,No Match
"mallet finger, right","mallet finger, left","mallet finger, bilateral",,,,Multiple,Hand and Finger DC Group,8995,Musculoskeletal - Hand,DBQ MUSC Hand and Finger,,,no,No Match,No Match,No Match,No Match,No Match,No Match,No Match
"post-traumatic arthritis in hand or fingers, right","post-traumatic arthritis in hand or fingers, left","post-traumatic arthritis in hand or fingers, bilateral",,,,Multiple,Hand and Finger DC Group,8995,Musculoskeletal - Hand,DBQ MUSC Hand and Finger,,,no,No Match,No Match,No Match,No Match,No Match,No Match,No Match
"tendinosis in hand or fingers, right","tendinosis in hand or fingers, left","tendinosis in hand or fingers, bilateral",,,,Multiple,Hand and Finger DC Group,8995,Musculoskeletal - Hand,DBQ MUSC Hand and Finger,,,no,No Match,No Match,No Match,No Match,No Match,No Match,No Match
"tendonitis (tendinitis) in hand or fingers, right","tendonitis (tendinitis) in hand or fingers, left","tendonitis (tendinitis) in hand or fingers, bilateral",,,,Multiple,Hand and Finger DC Group,8995,Musculoskeletal - Hand,DBQ MUSC Hand and Finger,,,no,No Match,No Match,No Match,No Match,No Match,No Match,No Match
"tenosynovitis in hand or fingers, right","tenosynovitis in hand or fingers, left","tenosynovitis in hand or fingers, bilateral",,,,Multiple,Hand and Finger DC Group,8995,Musculoskeletal - Hand,DBQ MUSC Hand and Finger,,,no,No Match,No Match,No Match,No Match,No Match,No Match,No Match
"trigger finger, right","trigger finger, left","trigger finger, bilateral",,,,Multiple,Hand and Finger DC Group,8995,Musculoskeletal - Hand,DBQ MUSC Hand and Finger,,,no,No Match,No Match,No Match,No Match,No Match,No Match,No Match
"gamekeeper's thumb, right","gamekeeper's thumb, left","gamekeeper's thumb, bilateral",,,,Multiple,Hand and Finger DC Group,8995,Musculoskeletal - Hand,DBQ MUSC Hand and Finger,,,no,No Match,No Match,No Match,No Match,No Match,No Match,No Match
"hip replacement (hip arthroplasty), right","hip replacement (hip arthroplasty), left","hip replacement (hip arthroplasty), bilateral",,,,5054,hip replacement,8996,Musculoskeletal - Hip,DBQ MUSC Hip and thigh,,,yes,5054,hip replacement,No Match,No Match,No Match,No Match,8996
"ankylosis in hip, right","ankylosis in hip, left","ankylosis in hip, bilateral",,,,Multiple,Hip and Thigh DC Group,8996,Musculoskeletal - Hip,DBQ MUSC Hip and thigh,,,no,5250,ankylosis of the hip,No Match,No Match,No Match,No Match,No Match
"bursitis in hip, right","bursitis in hip, left","bursitis in hip, bilateral",,,,Multiple,Hip and Thigh DC Group,8996,Musculoskeletal - Hip,DBQ MUSC Hip and thigh,,,no,No Match,No Match,No Match,No Match,No Match,No Match,No Match
"degenerative arthritis (osteoarthritis) in hip, right","degenerative arthritis (osteoarthritis) in hip, left","degenerative arthritis (osteoarthritis) in hip, bilateral",,,,Multiple,Hip and Thigh DC Group,8996,Musculoskeletal - Hip,DBQ MUSC Hip and thigh,,,no,No Match,No Match,No Match,No Match,No Match,No Match,No Match
"greater trochanteric pain syndrome (lateral hip pain), right","greater trochanteric pain syndrome (lateral hip pain), left","greater trochanteric pain syndrome (lateral hip pain), bilateral",,,,Multiple,Hip and Thigh DC Group,8996,Musculoskeletal - Hip,DBQ MUSC Hip and thigh,,,no,No Match,No Match,No Match,No Match,No Match,No Match,No Match
"hip impingement (femoroacetabular impingement or FAI), right","hip impingement (femoroacetabular impingement or FAI), left","hip impingement (femoroacetabular impingement or FAI), bilateral",,,,Multiple,Hip and Thigh DC Group,8996,Musculoskeletal - Hip,DBQ MUSC Hip and thigh,,,no,No Match,No Match,No Match,No Match,No Match,No Match,No Match
"hip sprain, right","hip sprain, left","hip sprain, bilateral",,,,Multiple,Hip and Thigh DC Group,8996,Musculoskeletal - Hip,DBQ MUSC Hip and thigh,,,no,No Match,No Match,No Match,No Match,No Match,No Match,No Match
"post-traumatic arthritis in hip, right","post-traumatic arthritis in hip, left","post-traumatic arthritis in hip, bilateral",,,,Multiple,Hip and Thigh DC Group,8996,Musculoskeletal - Hip,DBQ MUSC Hip and thigh,,,no,No Match,No Match,No Match,No Match,No Match,No Match,No Match
"tendonitis (tendinitis) in hip, right","tendonitis (tendinitis) in hip, left","tendonitis (tendinitis) in hip, bilateral",,,,Multiple,Hip and Thigh DC Group,8996,Musculoskeletal - Hip,DBQ MUSC Hip and thigh,,,no,No Match,No Match,No Match,No Match,No Match,No Match,No Match
"knee replacement (knee arthroplasty), right","knee replacement (knee arthroplasty), left","knee replacement (knee arthroplasty), bilateral",,,,5055,knee replacement,8997,Musculoskeletal - Knee,DBQ MUSC Knee and lower leg,,,yes,5055,knee replacement,No Match,No Match,No Match,No Match,8997
"meniscus tear, right","meniscus tear, left","meniscus tear, bilateral",,,,5258,dislocated semilunar cartilage - knee,8997,Musculoskeletal - Knee,DBQ MUSC Knee and lower leg,,,yes,5258,"dislocated cartilage, semilunar - knee",No Match,No Match,No Match,No Match,8997
"meniscectomy (removal of meniscus), right","meniscectomy (removal of meniscus), left","meniscectomy (removal of meniscus), bilateral",,,,5259,removal of semilunar cartilage - knee,8997,Musculoskeletal - Knee,DBQ MUSC Knee and lower leg,,,yes,5259,"removal of cartilage, semilunar - knee",No Match,No Match,No Match,No Match,8997
"knee hyperextension (genu recurvatum), right","knee hyperextension (genu recurvatum), left","knee hyperextension (genu recurvatum), bilateral",,,,Multiple,Knee and Leg DC Group,8997,Musculoskeletal - Knee,DBQ MUSC Knee and lower leg,,,yes,5263,gena recurvatum - knee condition,No Match,No Match,No Match,No Match,No Match
"ankylosis in knee, right","ankylosis in knee, left","ankylosis in knee, bilateral",,,,Multiple,Knee and Leg DC Group,8997,Musculoskeletal - Knee,DBQ MUSC Knee and lower leg,,,no,5256,ankylosis of the knee,No Match,No Match,No Match,No Match,No Match
"bursitis in knee, right","bursitis in knee, left","bursitis in knee, bilateral",,,,Multiple,Knee and Leg DC Group,8997,Musculoskeletal - Knee,DBQ MUSC Knee and lower leg,,,no,No Match,No Match,No Match,No Match,No Match,No Match,No Match
"degenerative arthritis (osteoarthritis) in knee, right","degenerative arthritis (osteoarthritis) in knee, left","degenerative arthritis (osteoarthritis) in knee, bilateral",,,,Multiple,Knee and Leg DC Group,8997,Musculoskeletal - Knee,DBQ MUSC Knee and lower leg,,,no,No Match,No Match,No Match,No Match,No Match,No Match,No Match
"knee instability, right","knee instability, left","knee instability, bilateral",,,,Multiple,Knee and Leg DC Group,8997,Musculoskeletal - Knee,DBQ MUSC Knee and lower leg,,,no,No Match,No Match,No Match,No Match,No Match,No Match,No Match
"knee or patellar dislocation, right","knee or patellar dislocation, left","knee or patellar dislocation, bilateral",,,,Multiple,Knee and Leg DC Group,8997,Musculoskeletal - Knee,DBQ MUSC Knee and lower leg,,,no,No Match,No Match,No Match,No Match,No Match,No Match,No Match
"knee or patellar fracture, right","knee or patellar fracture, left","knee or patellar fracture, bilateral",,,,Multiple,Knee and Leg DC Group,8997,Musculoskeletal - Knee,DBQ MUSC Knee and lower leg,,,no,No Match,No Match,No Match,No Match,No Match,No Match,No Match
"knee strain or sprain, right","knee strain or sprain, left","knee strain or sprain, bilateral",,,,Multiple,Knee and Leg DC Group,8997,Musculoskeletal - Knee,DBQ MUSC Knee and lower leg,,,no,No Match,No Match,No Match,No Match,No Match,No Match,No Match
"post-traumatic arthritis in knee, right","post-traumatic arthritis in knee, left","post-traumatic arthritis in knee, bilateral",,,,Multiple,Knee and Leg DC Group,8997,Musculoskeletal - Knee,DBQ MUSC Knee and lower leg,,,no,No Match,No Match,No Match,No Match,No Match,No Match,No Match
"tendonitis (tendinitis) in knee, right","tendonitis (tendinitis) in knee, left","tendonitis (tendinitis) in knee, bilateral",,,,Multiple,Knee and Leg DC Group,8997,Musculoskeletal - Knee,DBQ MUSC Knee and lower leg,,,no,No Match,No Match,No Match,No Match,No Match,No Match,No Match
"ACL tear (anterior cruciate ligament tear), right","ACL tear (anterior cruciate ligament tear), left","ACL tear (anterior cruciate ligament tear), bilateral",,,,Multiple,Knee and Leg DC Group,8997,Musculoskeletal - Knee,DBQ MUSC Knee and lower leg,,,no,No Match,No Match,No Match,No Match,No Match,No Match,No Match
"patellar or quadriceps tendon rupture, right","patellar or quadriceps tendon rupture, left","patellar or quadriceps tendon rupture, bilateral",,,,Multiple,Knee and Leg DC Group,8997,Musculoskeletal - Knee,DBQ MUSC Knee and lower leg,,,no,No Match,No Match,No Match,No Match,No Match,No Match,No Match
"patellofemoral pain syndrome, right","patellofemoral pain syndrome, left","patellofemoral pain syndrome, bilateral",,,,Multiple,Knee and Leg DC Group,8997,Musculoskeletal - Knee,DBQ MUSC Knee and lower leg,,,no,No Match,No Match,No Match,No Match,No Match,No Match,No Match
"PCL tear (posterior cruciate ligament tear), right","PCL tear (posterior cruciate ligament tear), left","PCL tear (posterior cruciate ligament tear), bilateral",,,,Multiple,Knee and Leg DC Group,8997,Musculoskeletal - Knee,DBQ MUSC Knee and lower leg,,,no,No Match,No Match,No Match,No Match,No Match,No Match,No Match
"shin splints, right","shin splints, left","shin splints, bilateral",,,,Multiple,Knee and Leg DC Group,8997,Musculoskeletal - Knee,DBQ MUSC Knee and lower leg,,,no,No Match,No Match,No Match,No Match,No Match,No Match,No Match
"stress fracture in leg, right","stress fracture in leg, left","stress fracture in leg, bilateral",,,,Multiple,Knee and Leg DC Group,8997,Musculoskeletal - Knee,DBQ MUSC Knee and lower leg,,,no,No Match,No Match,No Match,No Match,No Match,No Match,No Match
"tibia or fibula fracture, right","tibia or fibula fracture, left","tibia or fibula fracture, bilateral",,,,Multiple,Knee and Leg DC Group,8997,Musculoskeletal - Knee,DBQ MUSC Knee and lower leg,,,no,No Match,No Match,No Match,No Match,No Match,No Match,No Match
costochondritis,,,,,,5321,injury to muscles of respiration,9005,Musculoskeletal and Muscle Injuries,DBQ MUSC Muscle Injuries,,,yes,No Match,No Match,5321,injury to muscles of respiration,No Match,No Match,9005
"rib fracture, right","rib fracture, left","rib fracture, bilateral",,,,5321,injury to muscles of respiration,9005,Musculoskeletal and Muscle Injuries,DBQ MUSC Muscle Injuries,,,yes,No Match,No Match,No Match,No Match,No Match,No Match,9005
Tietze syndrome,,,,,,5321,injury to muscles of respiration,9005,Musculoskeletal and Muscle Injuries,DBQ MUSC Muscle Injuries,,,yes,5321,injury to muscles of respiration,No Match,No Match,No Match,No Match,9005
muscle hernia,,,,,,5326,muscle hernia,9005,Musculoskeletal and Muscle Injuries,DBQ MUSC Muscle Injuries,,,yes,5326,muscle hernia,No Match,No Match,No Match,No Match,9005
neck sprain (cervical sprain),,,,,,5237,lumbosacral or cervical strain,8999,Musculoskeletal - Neck/Upper Back (Cervical Spine),DBQ MUSC Neck (cervical spine),,,no,No Match,No Match,No Match,No Match,No Match,No Match,
neck strain (cervical strain),,,,,,5237,lumbosacral or cervical strain,8999,Musculoskeletal - Neck/Upper Back (Cervical Spine),DBQ MUSC Neck (cervical spine),,,no,5237,lumbosacral or cervical strain,No Match,No Match,No Match,No Match,
cervical spinal stenosis (narrowing of spinal canal in neck),,,,,,5238,spinal stenosis,8999,Musculoskeletal - Neck/Upper Back (Cervical Spine),DBQ MUSC Neck (cervical spine),,,no,No Match,No Match,5238,spinal stenosis,No Match,No Match,
"spondylolisthesis, neck",,,,,,5239,spondylolisthesis or segmental instability,8999,Musculoskeletal - Neck/Upper Back (Cervical Spine),DBQ MUSC Neck (cervical spine),,,no,No Match,No Match,5239,spondylolisthesis or segmental instability,No Match,No Match,
"spinal arthritis, neck",,,,,,5242,degenerative arthritis of the spine,8999,Musculoskeletal - Neck/Upper Back (Cervical Spine),DBQ MUSC Neck (cervical spine),,,no,No Match,No Match,5242,degenerative arthritis of the spine,No Match,No Match,
"intervertebral disc syndrome (IVDS), neck",,,,,,5243,intervertebral disc syndrome,8999,Musculoskeletal - Neck/Upper Back (Cervical Spine),DBQ MUSC Neck (cervical spine),,,no,No Match,No Match,5243,intervertebral disc syndrome,No Match,No Match,
"radiculopathy, right upper extremities","radiculopathy, left upper extremities","radiculopathy, bilateral upper extremities",,,,Multiple,Peripheral Nerves DC Group,8999,Musculoskeletal - Neck/Upper Back (Cervical Spine),DBQ MUSC Neck (cervical spine),,"Per DBQ Index, use NEURO Peripheral nerves conditions DBQ for CFI",no,No Match,No Match,No Match,No Match,No Match,No Match,No Match
osteomyelitis,,,,,,5000,osteomyelitis,9000,Musculoskeletal - Osteomyelitis,DBQ MUSC Osteomyelitis,,,yes,5000,osteomyelitis,No Match,No Match,No Match,No Match,9000
"shoulder replacement (shoulder arthroplasty), right","shoulder replacement (shoulder arthroplasty), left","shoulder replacement (shoulder arthroplasty), bilateral",,,,5051,shoulder replacement,9002,Musculoskeletal - Shoulder,DBQ MUSC Shoulder and arm,,,yes,5051,shoulder replacement,No Match,No Match,No Match,No Match,9002
"ankylosis in shoulder, right","ankylosis in shoulder, left","ankylosis in shoulder, bilateral",,,,Multiple,Shoulder and Arm DC Group,9002,Musculoskeletal - Shoulder,DBQ MUSC Shoulder and arm,,,no,5200,ankylosis of shoulder joint,No Match,No Match,No Match,No Match,No Match
"bursitis in shoulder, right","bursitis in shoulder, left","bursitis in shoulder, bilateral",,,,Multiple,Shoulder and Arm DC Group,9002,Musculoskeletal - Shoulder,DBQ MUSC Shoulder and arm,,,no,No Match,No Match,No Match,No Match,No Match,No Match,No Match
"degenerative arthritis (osteoarthritis) in shoulder, right","degenerative arthritis (osteoarthritis) in shoulder, left","degenerative arthritis (osteoarthritis) in shoulder, bilateral",,,,Multiple,Shoulder and Arm DC Group,9002,Musculoskeletal - Shoulder,DBQ MUSC Shoulder and arm,,,no,No Match,No Match,No Match,No Match,No Match,No Match,No Match
"post-traumatic arthritis in shoulder, right","post-traumatic arthritis in shoulder, left","post-traumatic arthritis in shoulder, bilateral",,,,Multiple,Shoulder and Arm DC Group,9002,Musculoskeletal - Shoulder,DBQ MUSC Shoulder and arm,,,no,No Match,No Match,No Match,No Match,No Match,No Match,No Match
"shoulder dislocation, right","shoulder dislocation, left","shoulder dislocation, bilateral",,,,Multiple,Shoulder and Arm DC Group,9002,Musculoskeletal - Shoulder,DBQ MUSC Shoulder and arm,,,no,No Match,No Match,No Match,No Match,No Match,No Match,No Match
"shoulder impingement syndrome, right","shoulder impingement syndrome, left","shoulder impingement syndrome, bilateral",,,,Multiple,Shoulder and Arm DC Group,9002,Musculoskeletal - Shoulder,DBQ MUSC Shoulder and arm,,,no,No Match,No Match,No Match,No Match,No Match,No Match,No Match
"shoulder strain, right","shoulder strain, left","shoulder strain, bilateral",,,,Multiple,Shoulder and Arm DC Group,9002,Musculoskeletal - Shoulder,DBQ MUSC Shoulder and arm,,,no,No Match,No Match,No Match,No Match,No Match,No Match,No Match
"tendonitis (tendinitis) in shoulder, right","tendonitis (tendinitis) in shoulder, left","tendonitis (tendinitis) in shoulder, bilateral",,,,Multiple,Shoulder and Arm DC Group,9002,Musculoskeletal - Shoulder,DBQ MUSC Shoulder and arm,,,no,No Match,No Match,No Match,No Match,No Match,No Match,No Match
"rotator cuff tear, right","rotator cuff tear, left","rotator cuff tear, bilateral",,,,Multiple,Shoulder and Arm DC Group,9002,Musculoskeletal - Shoulder,DBQ MUSC Shoulder and arm,,,no,No Match,No Match,No Match,No Match,No Match,No Match,No Match
"SLAP tear (superior labral anterior to posterior tear), right","SLAP tear (superior labral anterior to posterior), left","SLAP tear (superior labral anterior to posterior tear), bilateral",,,,Multiple,Shoulder and Arm DC Group,9002,Musculoskeletal - Shoulder,DBQ MUSC Shoulder and arm,,,no,No Match,No Match,No Match,No Match,No Match,No Match,No Match
"temporomandibular disorder, including TMJ",,,,,,9905,temporomandibular disorder (TMD),249481,Dental and Oral - Musculoskeletal,DBQ MUSC Temporomandibular Disorders,,,yes,9905,limited motion of the jaw,No Match,No Match,No Match,No Match,249481
"wrist replacement (wrist arthroplasty), right","wrist replacement (wrist arthroplasty), left","wrist replacement (wrist arthroplasty), bilateral",,,,5053,wrist replacement,9004,Musculoskeletal - Wrist,DBQ MUSC Wrist,,,yes,5053,wrist replacement,No Match,No Match,No Match,No Match,9004
"ankylosis in wrist, right","ankylosis in wrist, left","ankylosis in wrist, bilateral",,,,Multiple,Wrist DC Group,9004,Musculoskeletal - Wrist,DBQ MUSC Wrist,,,no,5214,ankylosis of wrist,No Match,No Match,No Match,No Match,No Match
"bursitis in wrist, right","bursitis in wrist, left","bursitis in wrist, bilateral",,,,Multiple,Wrist DC Group,9004,Musculoskeletal - Wrist,DBQ MUSC Wrist,,,no,No Match,No Match,No Match,No Match,No Match,No Match,No Match
"degenerative arthritis (osteoarthritis) in wrist, right","degenerative arthritis (osteoarthritis) in wrist, left","degenerative arthritis (osteoarthritis) in wrist, bilateral",,,,Multiple,Wrist DC Group,9004,Musculoskeletal - Wrist,DBQ MUSC Wrist,,,no,No Match,No Match,No Match,No Match,No Match,No Match,No Match
"ganglion cyst in wrist, right","ganglion cyst in wrist, left","ganglion cyst in wrist, bilateral",,,,Multiple,Wrist DC Group,9004,Musculoskeletal - Wrist,DBQ MUSC Wrist,,,no,No Match,No Match,No Match,No Match,No Match,No Match,No Match
"gout in wrist, right","gout in wrist, left","gout in wrist, bilateral",,,,Multiple,Wrist DC Group,9004,Musculoskeletal - Wrist,DBQ MUSC Wrist,,,no,No Match,No Match,No Match,No Match,No Match,No Match,No Match
"post-traumatic arthritis in wrist, right","post-traumatic arthritis in wrist, left","post-traumatic arthritis in wrist, bilateral",,,,Multiple,Wrist DC Group,9004,Musculoskeletal - Wrist,DBQ MUSC Wrist,,,no,No Match,No Match,No Match,No Match,No Match,No Match,No Match
"tendonitis (tendinitis) in wrist, right","tendonitis (tendinitis) in wrist, left","tendonitis (tendinitis) in wrist, bilateral",,,,Multiple,Wrist DC Group,9004,Musculoskeletal - Wrist,DBQ MUSC Wrist,,,no,No Match,No Match,No Match,No Match,No Match,No Match,No Match
"tenosynovitis in wrist, right","tenosynovitis in wrist, left","tenosynovitis in wrist, bilateral",,,,Multiple,Wrist DC Group,9004,Musculoskeletal - Wrist,DBQ MUSC Wrist,,,no,No Match,No Match,No Match,No Match,No Match,No Match,No Match
"wrist fracture, right","wrist fracture, left","wrist fracture, bilateral",,,,Multiple,Wrist DC Group,9004,Musculoskeletal - Wrist,DBQ MUSC Wrist,,,no,No Match,No Match,No Match,No Match,No Match,No Match,No Match
"wrist sprain, right","wrist sprain, left","wrist sprain, bilateral",,,,Multiple,Wrist DC Group,9004,Musculoskeletal - Wrist,DBQ MUSC Wrist,,,no,,,No Match,No Match,No Match,No Match,No Match
"De Quervain's tenosynovitis (De Quervain's syndrome), right","De Quervain's tenosynovitis (De Quervain's syndrome), left","De Quervain's tenosynovitis (De Quervain's syndrome), bilateral",,,,Multiple,Wrist DC Group,9004,Musculoskeletal - Wrist,DBQ MUSC Wrist,,,no,No Match,No Match,No Match,No Match,No Match,No Match,No Match
ALS (amyotrophic lateral sclerosis),,,,,,8017,amyotrophic lateral sclerosis,9007,Neurological other System,DBQ NEURO ALS (Lou Gehrig's Disease),,,yes,8017,amyotrophic lateral sclerosis,No Match,No Match,No Match,No Match,9007
myasthenia gravis,,,,,,8025,myasthenia gravis,9007,Neurological other System,DBQ NEURO Central Nervous System and Neuromuscular Diseases,,,yes,8025,myasthenia gravis,No Match,No Match,No Match,No Match,9007
Cranial nerve paralysis or cranial neuritis (inflammation of cranial nerves),,,,,,Multiple,Cranial Nerves DC Group,9006,Neurological - Cranial/Peripheral Nerves,DBQ NEURO Cranial Nerve Conditions,,,,,,,,,,
cranial neuralgia (cranial nerve pain),,,,,,Multiple,Cranial Nerves DC Group,9006,Neurological - Cranial/Peripheral Nerves,DBQ NEURO Cranial Nerve Conditions,,,no,8405,neuralgia of the 5th cranial nerve,No Match,No Match,No Match,No Match,No Match
"diabetic peripheral neuropathy, right lower extremities","diabetic peripheral neuropathy, right upper extremities","diabetic peripheral neuropathy, left lower extremities","diabetic peripheral neuropathy, left upper extremities","diabetic peripheral neuropathy, bilateral lower extremities","diabetic peripheral neuropathy, bilateral upper extremities",Multiple,Peripheral Nerves DC Group,9006,Neurological - Cranial/Peripheral Nerves,DBQ NEURO Diabetic Peripheral Neuropathy,,,no,No Match,No Match,No Match,No Match,No Match,No Match,No Match
fibromyalgia,,,,,,5025,fibromyalgia,9007,Neurological other System,DBQ NEURO Fibromyalgia,,,yes,5025,fibromyalgia,No Match,No Match,No Match,No Match,9007
migraines (headaches),,,,,,8100,migraine,9007,Neurological other System,DBQ NEURO Headaches (Including Migraines),,,yes,8100,migraine,No Match,No Match,No Match,No Match,9007
traumatic brain injury (TBI),,,,,,8045,residuals of traumatic brain injury (TBI),9020,Traumatic Brain Injury,DBQ NEURO Initial Evaluation of TBI,,,yes,8045,brain disease due to trauma,No Match,No Match,No Match,No Match,9020
multiple sclerosis (MS),,,,,,8018,multiple sclerosis,9007,Neurological other System,DBQ NEURO Multiple Sclerosis (MS),,,yes,8018,multiple sclerosis,No Match,No Match,No Match,No Match,9007
Parkinson's disease,,,,,,8004,Parkinson's disease,9007,Neurological other System,DBQ NEURO Parkinson's Disease,,,yes,8004,Parkinson's disease,No Match,No Match,No Match,No Match,9007
"carpal tunnel syndrome, right","carpal tunnel syndrome, left","carpal tunnel syndrome, bilateral",,,,8515,paralysis of the median nerve,9006,Neurological - Cranial/Peripheral Nerves,DBQ NEURO Peripheral Nerves,,,yes,8515,paralysis of the median nerve,No Match,No Match,No Match,No Match,9006
"non-diabetic peripheral neuropathy, right lower extremities","non-diabetic peripheral neuropathy, right upper extremities","non-diabetic peripheral neuropathy, left lower extremities","non-diabetic peripheral neuropathy, left upper extremities","non-diabetic peripheral neuropathy, bilateral lower extremities","non-diabetic peripheral neuropathy, bilateral upper extremities",Multiple,Peripheral Nerves DC Group,9006,Neurological - Cranial/Peripheral Nerves,DBQ NEURO Peripheral Nerves,,,no,8520,,No Match,No Match,No Match,No Match,No Match
glaucoma,,,,,,6013,open-angle glaucoma,8974,Eye (Vision),DBQ OPHTH Eyes,,,yes,6013,"glaucoma, simple",No Match,No Match,No Match,No Match,8974
chronic conjunctivitis (pink eye),,,,,,6018,chronic conjunctivitis,8974,Eye (Vision),DBQ OPHTH Eyes,,,yes,6018,"conjunctivitis, chronic",No Match,No Match,No Match,No Match,8974
dry eye syndrome,,,,,,6025,disorders of the lacrimal apparatus,8974,Eye (Vision),DBQ OPHTH Eyes,,,yes,6025,disorders of the lacrimal apparatus,No Match,No Match,No Match,No Match,8974
epiphora (watery eyes),,,,,,6025,disorders of the lacrimal apparatus,8974,Eye (Vision),DBQ OPHTH Eyes,,,yes,No Match,No Match,6025,disorders of the lacrimal apparatus,No Match,No Match,8974
diabetic retinopathy,,,,,,6040,diabetic retinopathy,8974,Eye (Vision),DBQ OPHTH Eyes,,,yes,6040,diabetic retinopathy,No Match,No Match,No Match,No Match,8974
loss of both eyes,,,,,,6061,anatomical loss both eyes,8974,Eye (Vision),DBQ OPHTH Eyes,,,yes,6061,anatomical loss both eyes,No Match,No Match,No Match,No Match,8974
"visual impairment, including blurry vision, blindness and double vision",,,,,,6062,blindness in both eyes,8974,Eye (Vision),DBQ OPHTH Eyes,,,yes,6062,blindness in both eyes,No Match,No Match,No Match,No Match,8974
anorexia (type of eating disorder),,,,,,9520,anorexia nervosa,8970,Eating Disorders,DBQ PSYCH Eating Disorders,,,yes,9520,anorexia nervosa,No Match,No Match,No Match,No Match,8970
bulimia (type of eating disorder),,,,,,9521,bulimia nervosa,8970,Eating Disorders,DBQ PSYCH Eating Disorders,,,yes,9521,bulimia nervosa,No Match,No Match,No Match,No Match,8970
schizophrenia,,,,,,9201,"schizophrenia, disorganized type",8989,Mental Disorders,DBQ PSYCH Mental Disorders,,,yes,9201,"schizophrenia, disorganized type",No Match,No Match,No Match,No Match,8989
generalized anxiety disorder (GAD),,,,,,9400,generalized anxiety disorder,8989,Mental Disorders,DBQ PSYCH Mental Disorders,,,yes,9400,generalized anxiety disorder,No Match,No Match,No Match,No Match,8989
obsessive compulsive disorder (OCD),,,,,,9404,obsessive compulsive disorder,8989,Mental Disorders,DBQ PSYCH Mental Disorders,,,yes,9404,obsessive compulsive disorder,No Match,No Match,No Match,No Match,8989
agoraphobia,,,,,,9412,panic disorder and/or agoraphobia,8989,Mental Disorders,DBQ PSYCH Mental Disorders,,,yes,9412,panic disorder and/or agoraphobia,No Match,No Match,No Match,No Match,8989
panic disorder,,,,,,9412,panic disorder and/or agoraphobia,8989,Mental Disorders,DBQ PSYCH Mental Disorders,,,yes,No Match,No Match,9412,panic disorder and/or agoraphobia,No Match,No Match,8989
somatic symptom disorder (SSD),,,,,,9421,somatization disorder,8989,Mental Disorders,DBQ PSYCH Mental Disorders,,,yes,9421,somatization disorder,No Match,No Match,No Match,No Match,8989
illness anxiety disorder (hypochondria),,,,,,9425,hypochondriasis,8989,Mental Disorders,DBQ PSYCH Mental Disorders,,,yes,9425,hypochondriasis,No Match,No Match,No Match,No Match,8989
cyclothymic disorder (mild bipolar disorder),,,,,,9431,cyclothymic disorder,8989,Mental Disorders,DBQ PSYCH Mental Disorders,,,yes,9431,cyclothymic disorder,No Match,No Match,No Match,No Match,8989
bipolar disorder,,,,,,9432,bipolar disorder,8989,Mental Disorders,DBQ PSYCH Mental Disorders,,,yes,9432,bipolar disorder,No Match,No Match,No Match,No Match,8989
persistent depressive disorder (dysthymic disorder),,,,,,9433,dysthymic disorder,8989,Mental Disorders,DBQ PSYCH Mental Disorders,,,yes,9433,dysthymic disorder,No Match,No Match,No Match,No Match,8989
depression (major depressive disorder),,,,,,9434,major depressive disorder,8989,Mental Disorders,DBQ PSYCH Mental Disorders,,,yes,9434,major depressive disorder,No Match,No Match,No Match,No Match,8989
adjustment disorder,,,,,,9440,chronic adjustment disorder,8989,Mental Disorders,DBQ PSYCH Mental Disorders,,,yes,9440,chronic adjustment disorder,No Match,No Match,No Match,No Match,8989
"PTSD (post-traumatic stress disorder), combat-related",,,,,,9411,post-traumatic stress disorder,9010,Post Traumatic Stress Disorder (PTSD) Combat - Mental Disorders,DBQ PSYCH PTSD Review,,,no,9411,post-traumatic stress disorder,No Match,No Match,No Match,No Match,
"PTSD (post-traumatic stress disorder), non-combat-related",,,,,,9411,post-traumatic stress disorder,9011,Post Traumatic Stress Disorder (PTSD) Personal Trauma - Mental Disorders,DBQ PSYCH PTSD Review,,,no,No Match,No Match,9411,post-traumatic stress disorder,No Match,No Match,
chronic bronchitis,,,,,,6600,chronic bronchitis,9012,Respiratory,DBQ RESP Respiratory Conditions (Other than Tuberculosis and Sleep Apnea),,,yes,6600,chronic bronchitis,No Match,No Match,No Match,No Match,9012
asthma,,,,,,6602,bronchial asthma,9012,Respiratory,DBQ RESP Respiratory Conditions (Other than Tuberculosis and Sleep Apnea),,,yes,6602,bronchial asthma,No Match,No Match,No Match,No Match,9012
chronic obstructive pulmonary disease (COPD),,,,,,6604,chronic obstructive pulmonary disease,9012,Respiratory,DBQ RESP Respiratory Conditions (Other than Tuberculosis and Sleep Apnea),,,yes,6604,chronic obstructive pulmonary disease,No Match,No Match,No Match,No Match,9012
lung cancer,,,,,,6819,malignant growths of the respiratory system,1230,Cancer - Respiratory,DBQ RESP Respiratory Conditions (Other than Tuberculosis and Sleep Apnea),,,no,6819,malignant growths of the respiratory system,No Match,No Match,No Match,No Match,
sleep apnea,,,,,,6847,sleep apnea syndromes,9012,Respiratory,DBQ RESP Sleep apnea,,,yes,6847,sleep apnea syndromes,No Match,No Match,No Match,No Match,9012
rheumatoid arthritis,,,,,,5002,rheumatoid arthritis,8992,Musculoskeletal - Arthritis,DBQ RHEUM Arthritis,,,yes,5002,rheumatoid arthritis,No Match,No Match,No Match,No Match,8992
gonococcal arthritis,,,,,,5004,gonococcal arthritis,8992,Musculoskeletal - Arthritis,DBQ RHEUM Arthritis,,,yes,5004,gonococcal arthritis,No Match,No Match,No Match,No Match,8992
pneumococcal arthritis,,,,,,5005,pneumococcal arthritis,8992,Musculoskeletal - Arthritis,DBQ RHEUM Arthritis,,,yes,5005,pneumococcal arthritis,No Match,No Match,No Match,No Match,8992
typhoid arthritis,,,,,,5006,typhoid arthritis,8992,Musculoskeletal - Arthritis,DBQ RHEUM Arthritis,,,yes,5006,typhoid arthritis,No Match,No Match,No Match,No Match,8992
syphilitic arthritis,,,,,,5007,syphilitic arthritis,8992,Musculoskeletal - Arthritis,DBQ RHEUM Arthritis,,,yes,5007,syphilitic arthritis,No Match,No Match,No Match,No Match,8992
poststreptococcal arthritis,,,,,,5008,poststreptococcal arthritis,8992,Musculoskeletal - Arthritis,DBQ RHEUM Arthritis,,,yes,5008,poststreptococcal arthritis,No Match,No Match,No Match,No Match,8992
decompression illness,,,,,,5011,decompression illness,8930,Caisson,DBQ RHEUM Arthritis,,,yes,5011,decompression illness,No Match,No Match,No Match,No Match,8930
chronic fatigue syndrome,,,,,,6354,chronic fatigue syndrome,8986,"Infectious Diseases, Immune Disorders & Nutritional Deficiencies",DBQ RHEUM Chronic fatigue syndrome,,,yes,6354,chronic fatigue syndrome,No Match,No Match,No Match,No Match,8986
,,,,,,,,,,,,,,,,,,,,
,,,,,,,,,,,,,,,,,,,,
,,,,,,,,,,,,,,,,,,,,
,,,,,,,,,,,,,,,,,,,,
,,,,,,,,,,,,,,,,,,,,
,,,,,,, ,,,,,,,,,,,,,
